Max TemperatureC,Mean TemperatureC,Min TemperatureC,Max Humidity, Mean Humidity, Min Humidity, Max Sea Level PressurehPa, Mean Sea Level PressurehPa, Min Sea Level PressurehPa, CloudCover, Events,WindDirDegrees
7,3,0,100,92,71,1007,1003,997,5,2,143
5,3,2,100,85,70,1005,999,996,6,2,256
8,4,1,100,96,87,1015,1005,1003,7,2,273
12,10,8,100,65,44,1015,1008,1003,4,2,274
16,10,5,100,90,67,1024,1022,1021,3,1,344
15,9,4,100,75,38,1022,1021,1019,4,1,128
11,8,5,100,83,62,1021,1019,1018,6,2,16
13,9,5,100,78,47,1022,1018,1015,4,2,267
6,3,2,100,98,93,1022,1019,1015,6,2,357
9,7,6,100,97,87,1015,1011,1004,4,2,99
9,7,5,100,100,100,1008,1005,1003,5,2,320
13,8,3,100,85,58,1018,1016,1015,5,2,33
12,10,9,100,96,82,1018,1014,1013,7,2,29
13,10,7,100,90,67,1025,1021,1018,5,2,357
15,8,2,100,84,55,1028,1027,1026,6,1,5
12,9,6,100,95,77,1029,1028,1027,3,1,0
13,9,5,100,93,72,1028,1026,1025,5,1,155
13,10,7,100,76,47,1026,1025,1024,4,1,72
18,10,3,100,78,52,1033,1030,1027,1,1,306
16,10,5,81,54,39,1026,1024,1021,2,1,268
17,12,7,100,79,52,1026,1023,1021,3,1,210
21,16,12,94,72,43,1016,1015,1014,5,2,42
18,14,10,77,62,49,1026,1023,1021,6,2,58
22,17,12,100,72,40,1011,1009,1006,6,2,252
18,14,11,100,78,49,1010,1008,1006,6,2,232
17,14,12,100,93,82,1008,1004,1002,6,2,207
17,14,12,100,87,63,1003,999,997,6,2,123
20,15,10,94,64,37,1005,1001,999,5,2,28
18,14,11,88,71,55,1023,1021,1020,5,2,203
21,17,14,94,66,49,1011,1009,1006,4,2,259
17,13,10,88,58,39,1013,1011,1007,4,2,282
14,11,8,76,57,41,1022,1010,1007,5,2,297
20,17,14,100,79,68,1018,1016,1015,5,2,82
22,16,11,100,77,43,1017,1015,1014,3,2,17
24,17,10,100,74,38,1016,1013,1010,4,2,253
19,16,12,100,76,52,1013,1012,1010,5,2,240
18,14,11,100,69,42,1016,1014,1013,5,2,228
20,16,12,94,66,46,1014,1012,1010,6,2,248
27,18,10,82,52,32,1013,1011,1008,3,2,190
18,16,13,100,85,68,1015,1013,1011,6,2,25
22,17,13,94,78,56,1017,1016,1015,5,2,346
27,21,15,88,59,41,1019,1016,1012,3,2,111
22,17,13,94,76,43,1015,1013,1010,5,2,52
22,18,14,88,66,49,1010,1009,1007,4,2,273
19,17,14,94,74,64,1012,1010,1006,6,2,180
20,16,12,94,79,56,1012,1009,1008,5,2,212
24,19,14,67,53,42,1018,1017,1015,5,2,9
26,20,15,83,61,44,1017,1016,1014,3,2,38
19,16,13,72,57,43,1009,1005,1002,5,2,312
22,17,12,77,60,46,1015,1013,1012,5,2,235
22,18,15,94,69,43,1016,1012,1010,6,2,245
33,24,16,64,42,31,1019,1016,1012,5,2,58
28,23,18,83,60,42,1015,1014,1012,3,2,31
28,20,13,94,60,37,1017,1015,1014,4,2,338
33,24,17,94,52,30,1020,1017,1013,6,2,161
28,22,16,94,64,32,1019,1016,1014,4,2,313
35,27,18,68,45,31,1016,1014,1011,2,2,199
30,24,18,88,64,37,1016,1014,1012,5,2,9
30,23,16,94,62,35,1019,1017,1015,5,2,25
34,27,19,65,42,24,1021,1020,1018,4,2,15
36,27,19,65,40,26,1020,1019,1016,4,2,91
34,27,20,83,52,26,1017,1015,1013,3,2,83
28,22,17,88,57,38,1017,1015,1012,6,2,110
28,23,19,83,54,32,1017,1016,1013,5,2,245
35,29,23,69,47,30,1020,1018,1016,4,2,162
25,22,19,94,66,47,1015,1014,1013,6,2,193
28,22,16,77,42,27,1014,1013,1011,5,2,214
23,18,14,77,42,25,1023,1017,1012,3,2,288
30,23,16,68,47,30,1020,1018,1016,4,2,345
27,20,14,94,61,32,1021,1019,1018,5,2,21
21,18,16,77,73,56,1021,1020,1019,7,2,64
24,20,17,72,56,41,1025,1015,1013,4,2,72
28,22,16,77,57,32,1023,1022,1020,3,2,17
26,20,14,72,53,36,1018,1015,1012,4,2,134
24,20,16,82,58,36,1012,1011,1009,5,2,208
20,18,15,82,71,52,1016,1014,1013,7,2,207
19,14,10,82,65,43,1015,1014,1012,4,1,236
23,16,8,100,71,38,1021,1019,1018,5,2,329
19,16,13,100,86,68,1019,1016,1014,6,2,200
19,16,13,88,75,52,1019,1015,1014,4,2,271
12,10,8,100,92,82,1017,1014,1011,6,2,358
19,14,11,100,85,52,1011,1008,1006,6,2,295
18,16,13,94,74,49,1013,1010,1007,6,2,248
16,13,11,100,91,72,1012,1004,993,8,2,194
16,11,6,88,70,54,1003,992,981,5,2,224
13,10,7,100,88,72,1008,1005,1003,7,2,213
14,12,11,82,72,62,1015,1012,1008,5,2,230
15,12,9,93,74,48,1016,1014,1010,5,2,233
12,10,8,93,68,50,1010,1006,1004,5,2,255
9,7,5,100,93,81,1015,1011,1008,7,2,250
14,10,6,100,89,67,1021,1017,1012,3,1,106
13,9,6,100,90,72,1023,1022,1021,2,1,61
13,8,4,100,93,72,1022,1021,1020,3,1,118
10,8,7,100,93,87,1021,1018,1013,8,1,45
14,11,8,94,88,58,1013,1011,1009,6,1,329
13,10,7,93,82,54,1013,1010,1007,6,2,207
12,8,5,93,64,41,1021,1015,1008,5,2,315
8,4,2,100,93,87,1017,1011,1007,6,2,358
10,8,7,93,91,82,1010,1004,998,7,2,160
13,10,7,100,84,67,1012,1004,998,5,2,27
13,8,3,100,82,62,1019,1016,1012,4,1,167
11,9,7,94,88,82,1020,1019,1018,7,2,211
14,9,5,100,75,48,1021,1020,1018,4,1,254
6,2,-1,100,72,46,1010,1007,1005,7,2,36
7,2,-3,100,83,57,1024,1023,1021,3,2,47
7,6,4,100,96,93,1022,1020,1018,6,1,25
7,6,6,100,91,81,1024,1022,1019,7,1,13
9,7,5,100,89,76,1028,1025,1024,7,1,86
10,8,7,100,92,87,1028,1026,1025,7,1,123
12,9,6,100,83,61,1028,1024,1022,5,1,16
10,6,2,100,94,87,1006,1000,997,7,2,338
14,11,9,94,88,82,999,998,996,7,2,184
14,10,7,93,77,58,1003,1000,996,6,2,209
11,9,7,87,79,71,1007,1004,1001,5,2,211
10,8,6,93,87,76,1020,1017,1016,6,2,205
12,10,8,100,85,58,1019,1014,1011,6,2,300
10,6,1,100,89,71,1034,1032,1031,5,1,357
9,7,5,100,88,71,1032,1030,1028,6,1,152
13,9,6,100,71,35,1028,1025,1023,3,1,246
9,7,6,100,92,87,1015,1013,1011,8,1,5
12,9,7,100,86,72,1013,1012,1011,8,1,354
14,10,6,100,79,47,1025,1023,1022,4,1,278
8,4,2,100,89,66,1028,1026,1025,5,1,359
15,8,2,100,78,42,1031,1029,1028,3,1,17
12,9,7,93,81,67,1022,1017,1012,6,2,147
11,8,6,94,71,54,1020,1015,1011,4,2,233
12,6,1,100,89,67,1030,1027,1018,3,1,65
12,6,-1,100,80,44,1031,1029,1026,2,1,49
10,6,2,100,81,54,1016,1015,1013,6,2,9
6,3,0,100,88,65,1016,1014,1012,6,2,34
9,4,1,100,85,66,1014,1010,1008,6,2,68
11,8,5,87,72,58,1009,1007,1005,5,2,103
9,7,4,100,89,71,1015,1012,1007,6,2,56
11,6,0,100,82,58,1015,1011,1007,6,1,33
10,8,6,93,79,71,1007,1005,1003,6,2,59
11,9,7,100,93,87,1008,1003,1001,6,2,355
12,9,7,100,91,72,1002,1001,1000,6,1,1
12,9,7,93,82,62,1013,1006,1002,6,2,32
8,4,1,100,87,76,1028,1026,1025,6,2,8
17,11,5,100,78,52,1034,1032,1032,5,2,359
13,8,4,100,84,71,1027,1024,1023,5,2,267
16,10,4,93,60,41,1025,1022,1019,4,2,344
20,16,11,88,70,39,1017,1014,1011,6,2,10
16,13,11,100,88,55,1012,1010,1009,8,2,112
19,14,11,100,69,37,1018,1015,1012,5,1,243
16,10,5,93,75,51,1019,1017,1016,5,2,272
17,10,4,100,74,48,1022,1020,1019,4,1,177
15,11,8,93,64,39,1013,1011,1008,5,2,239
15,11,7,87,59,34,1018,1014,1011,4,2,277
17,13,10,94,54,26,1012,1011,1008,6,2,265
12,9,6,87,59,47,1011,1005,1001,4,2,257
10,7,3,87,68,47,1007,1003,1000,6,2,267
10,6,1,87,63,35,1015,1009,1007,4,2,289
12,7,2,93,67,43,1013,1007,1003,6,2,203
13,9,5,93,73,51,1010,1005,1001,5,2,240
17,13,9,94,64,41,1015,1012,1011,6,2,50
22,13,6,100,68,33,1024,1020,1010,4,1,346
18,13,8,82,66,44,1015,1011,1009,5,2,238
17,11,6,87,63,47,1014,1012,1009,5,2,236
16,13,10,100,63,39,1009,1005,1003,5,2,255
15,11,8,81,60,45,1010,1008,1007,5,2,288
15,9,3,100,73,41,1012,1010,1009,4,2,14
16,11,7,87,62,42,1013,1012,1010,5,2,35
15,11,7,93,67,44,1013,1011,1009,4,2,345
21,17,14,77,60,49,1018,1016,1012,6,2,132
18,14,11,100,73,52,1016,1015,1012,6,2,158
20,15,10,94,76,49,1018,1017,1016,5,2,57
18,14,10,100,81,59,1018,1016,1015,5,2,36
24,17,11,100,78,38,1019,1017,1015,6,2,235
24,17,10,100,70,36,1018,1017,1015,1,1,24
23,18,14,94,72,50,1020,1019,1017,5,2,151
23,17,11,94,66,36,1019,1018,1016,3,2,36
23,17,12,88,62,38,1020,1019,1016,4,2,63
24,18,13,94,66,36,1019,1016,1012,5,2,6
19,16,13,88,80,59,1015,1013,1012,7,2,342
22,16,11,94,63,38,1014,1013,1011,5,2,20
21,16,12,94,70,40,1012,1009,1007,7,2,261
16,13,11,94,76,48,1013,1012,1010,5,2,198
16,12,9,100,66,42,1019,1012,1009,4,2,237
19,13,8,93,61,37,1016,1015,1014,5,2,205
23,18,13,100,71,38,1015,1014,1012,6,2,223
23,18,14,94,75,47,1015,1012,1010,6,2,279
26,22,18,88,58,36,1012,1011,1010,4,2,267
36,29,23,54,29,15,1020,1018,1015,5,2,9
35,27,18,94,51,24,1020,1016,1014,6,2,10
31,24,18,88,59,27,1022,1021,1019,5,2,331
34,27,19,83,56,17,1021,1019,1016,3,2,15
32,24,18,94,54,27,1016,1015,1013,6,2,340
20,18,15,94,88,52,1020,1019,1017,7,2,138
22,18,15,94,82,57,1018,1017,1016,6,1,226
21,18,15,94,80,60,1017,1015,1013,5,2,200
20,17,14,94,82,64,1013,1010,1006,7,2,183
19,14,11,94,79,60,1013,1009,1008,5,2,209
19,17,14,94,86,64,1017,1014,1013,7,2,209
22,18,14,94,83,64,1016,1013,1010,5,2,204
17,14,13,94,83,63,1012,1008,1005,6,2,85
15,12,10,94,84,67,1009,1006,1004,5,2,229
16,12,8,93,71,51,1025,1024,1023,4,2,16
18,17,15,88,81,72,1014,1011,1008,6,2,235
15,13,11,94,81,54,1015,1010,1006,6,2,202
22,14,7,94,82,53,1029,1027,1025,2,1,62
9,4,0,87,74,54,1020,1017,1015,5,2,7
11,7,3,75,62,43,1012,1008,1006,6,2,360
11,4,-2,93,76,54,1032,1030,1028,5,2,148
10,8,5,100,94,87,1030,1028,1027,6,1,347
15,8,2,100,93,59,1038,1036,1035,2,1,21
14,7,0,100,88,55,1037,1035,1033,2,1,357
14,6,-3,100,74,50,1022,1016,1012,3,2,336
10,4,-1,93,83,71,1016,1012,1008,7,2,116
10,8,7,93,89,82,1010,1008,1007,7,2,186
7,4,3,93,84,70,1010,1004,994,6,2,172
9,6,2,100,81,54,1016,1006,995,5,2,42
8,3,-1,100,89,71,1026,1021,1017,4,1,91
6,3,1,100,93,81,1030,1028,1026,7,1,11
13,6,-2,100,89,58,1024,1021,1018,3,1,354
11,6,1,100,91,70,1018,1007,997,6,1,208
8,3,-1,93,64,43,1009,1005,998,3,2,346
10,6,2,100,77,49,1019,1014,1011,6,2,258
11,8,6,87,83,67,1019,1018,1017,6,2,20
13,8,3,93,78,51,1025,1022,1019,3,2,10
10,5,0,100,94,71,1031,1028,1026,6,1,324
8,3,-1,100,84,70,1016,1010,1006,5,2,249
15,9,4,93,70,42,1022,1014,1008,5,2,249
10,8,5,100,87,71,1018,1013,1008,6,2,39
11,8,6,100,86,66,1018,1014,1012,5,2,17
14,8,2,93,71,54,1020,1012,1006,6,2,227
9,7,5,76,53,32,1009,1007,1006,6,2,281
18,12,7,100,72,37,1011,1009,1005,5,2,152
16,11,7,93,70,45,1014,1012,1011,6,2,29
16,12,8,87,71,48,1018,1016,1015,6,2,27
15,12,10,82,73,59,1021,1019,1017,5,2,36
20,14,9,82,60,32,1021,1020,1017,4,2,30
10,7,3,100,78,50,1013,1009,1006,7,2,43
14,9,5,100,79,47,1008,1006,1006,7,2,224
11,8,6,81,57,35,1013,1012,1011,5,2,281
16,12,8,87,57,34,1017,1013,1010,4,2,209
13,8,4,87,60,33,1012,1007,1002,5,2,37
12,6,-1,93,68,35,1012,1009,1005,4,2,243
14,9,5,81,52,27,1021,1013,1007,5,2,292
16,12,8,87,61,34,1013,1011,1008,5,2,293
15,11,8,93,79,44,1010,1008,1007,6,2,180
16,12,8,100,81,58,1009,1006,1003,7,2,121
15,12,9,100,78,55,1014,1009,1006,6,2,188
20,14,9,100,65,35,1016,1014,1011,5,2,13
18,14,11,100,79,45,1015,1013,1011,6,2,66
18,13,9,100,71,42,1014,1013,1012,6,2,339
22,18,14,88,68,35,1018,1016,1015,5,2,243
19,16,13,100,76,46,1016,1014,1013,5,1,213
17,13,10,94,59,34,1009,1007,1004,4,2,229
14,11,9,94,79,51,1014,1010,1007,6,2,216
17,12,8,87,61,36,1022,1017,1014,5,2,271
31,23,16,83,50,19,1021,1017,1015,6,2,48
29,23,17,94,70,35,1022,1018,1014,4,2,325
24,20,16,100,71,41,1024,1023,1020,4,2,128
29,21,13,82,50,25,1023,1021,1018,4,2,349
31,22,14,82,48,19,1021,1019,1016,3,2,114
30,23,15,94,58,23,1022,1019,1017,4,2,29
28,22,17,72,52,35,1022,1018,1016,3,2,31
33,26,18,65,43,23,1019,1017,1015,2,2,143
27,22,17,88,51,32,1015,1012,1010,5,2,211
32,26,19,94,49,24,1015,1013,1010,4,2,153
29,24,19,83,56,27,1013,1010,1006,4,2,220
30,25,20,94,58,33,1018,1017,1015,4,2,83
30,24,18,83,56,27,1016,1014,1012,4,2,49
28,22,17,88,57,21,1017,1015,1013,4,2,284
18,16,14,94,74,42,1005,999,995,6,2,221
23,18,14,94,77,53,1015,1013,1012,6,2,208
23,19,16,94,76,53,1020,1017,1015,6,2,207
24,19,15,94,70,47,1023,1021,1018,4,2,204
22,18,15,94,79,40,1020,1018,1015,5,2,219
21,16,10,94,70,37,1018,1017,1015,3,1,199
18,16,14,94,80,56,1029,1022,1020,6,2,8
20,16,11,94,82,60,1025,1024,1023,4,1,144
17,14,12,94,71,42,1014,1013,1010,5,2,204
16,13,10,94,73,52,1016,1012,1008,6,2,255
15,13,11,94,76,55,1016,1012,1009,6,2,216
15,13,11,88,83,72,1009,999,995,7,2,201
16,13,11,94,84,72,1010,1008,1001,5,2,216
17,14,13,100,86,72,1009,1007,1004,6,2,208
17,14,12,94,84,68,1013,1010,1005,4,2,213
15,13,11,94,82,59,1005,1002,999,7,2,217
15,11,8,94,84,63,1011,1006,1003,5,2,183
17,13,10,94,85,68,1020,1014,1011,6,2,28
21,16,11,100,86,68,1026,1023,1020,5,2,18
21,17,14,94,82,60,1024,1022,1020,5,2,348
8,6,3,93,73,57,1021,1018,1016,5,2,41
7,6,5,93,89,81,1016,1012,1010,7,2,35
8,6,4,93,87,81,1013,1012,1010,6,2,164
8,6,3,93,86,71,1012,1011,1009,5,2,186
11,8,5,93,72,58,1015,1011,1009,5,2,12
11,6,0,93,84,66,1025,1024,1022,5,2,351
12,7,2,93,89,72,1030,1028,1026,3,1,344
7,6,5,93,93,81,1027,1025,1023,6,1,120
11,4,-2,93,83,58,1030,1027,1025,2,1,5
6,2,-2,93,92,81,1026,1022,1019,3,1,173
7,4,2,100,91,71,1020,1017,1014,6,1,356
11,6,0,93,78,62,1025,1023,1020,3,2,245
13,10,8,94,88,82,1020,1014,1007,5,2,231
5,1,-3,93,88,75,1028,1026,1023,4,1,185
9,4,-1,100,86,62,1030,1028,1027,6,1,74
7,2,-2,100,90,71,1030,1028,1027,4,1,146
8,4,2,93,93,87,1029,1028,1025,8,1,81
14,12,11,94,82,72,1022,1016,1010,6,2,234
11,8,5,76,57,40,1018,1016,1012,4,2,288
8,6,3,93,83,52,1022,1016,1014,6,2,50
8,3,-1,100,87,66,1031,1029,1028,4,1,12
2,0,-1,93,93,87,1029,1026,1024,7,1,38
10,4,-1,93,85,54,1027,1025,1023,5,1,12
7,3,0,100,89,75,1027,1025,1024,4,2,19
7,1,-4,93,86,66,1026,1021,1014,5,2,354
5,3,1,93,93,87,1013,1009,1007,7,2,140
6,2,-2,93,82,70,1026,1022,1018,6,2,355
17,13,10,100,78,59,1015,1013,1011,5,2,181
16,11,7,100,86,59,1013,1012,1010,4,1,231
19,13,8,100,80,49,1013,1011,1009,6,1,182
18,13,9,100,84,52,1015,1013,1012,6,2,134
16,11,7,100,88,68,1017,1015,1014,5,2,68
18,13,9,94,79,55,1018,1016,1015,5,2,192
27,19,11,94,52,30,1020,1018,1015,3,2,172
25,19,13,94,74,47,1019,1017,1015,5,2,245
27,20,13,100,73,32,1017,1016,1013,2,2,278
18,14,12,94,85,72,1016,1013,1011,5,2,203
23,17,11,100,73,38,1020,1018,1017,4,1,198
25,18,12,94,71,44,1020,1018,1016,4,2,234
25,20,16,94,46,27,1013,1010,1009,5,2,334
32,24,18,94,60,31,1016,1014,1011,4,2,88
23,18,13,94,59,35,1007,1006,1004,4,2,239
19,14,9,87,53,32,1019,1013,1006,4,2,296
24,19,15,94,70,47,1024,1022,1020,5,2,11
21,16,12,88,67,37,1018,1014,1010,5,2,213
18,16,13,94,76,48,1010,1003,1000,5,2,238
14,11,9,94,67,38,1008,1003,1000,4,2,275
17,9,2,93,67,34,1015,1013,1011,3,2,74
16,12,9,94,76,55,1019,1016,1013,5,2,359
17,13,11,100,90,68,1020,1015,1013,6,2,118
21,16,11,100,81,49,1024,1022,1020,6,2,18
16,10,4,100,74,39,1021,1017,1010,3,1,248
13,11,9,100,89,67,1016,1011,1008,7,2,202
14,10,7,100,95,76,1021,1015,1005,7,2,192
15,11,8,94,65,41,1006,1003,999,5,2,260
13,10,8,100,78,47,1009,1008,1006,5,2,236
12,8,4,100,76,62,1018,1016,1015,4,1,224
12,10,9,100,92,82,1018,1014,1011,7,2,187
13,10,8,100,71,41,1017,1011,1006,5,2,265
7,3,1,100,87,61,1021,1018,1016,7,2,183
14,9,5,100,96,82,1020,1019,1017,7,1,263
14,11,8,94,82,58,1019,1015,1012,5,2,221
11,7,4,100,92,82,1021,1019,1018,5,1,170
12,10,8,100,94,87,1019,1017,1015,6,1,146
12,10,8,100,77,47,1024,1020,1016,3,1,250
8,4,1,100,94,87,1027,1025,1024,4,1,112
9,7,4,100,92,76,1021,1018,1016,5,2,357
11,9,7,100,96,93,1017,1015,1011,6,2,160
16,13,10,94,79,52,1015,1006,1003,5,2,187
11,8,6,100,86,71,1019,1015,1010,3,2,196
10,7,4,100,89,76,1033,1030,1028,5,2,195
12,7,2,100,90,62,1034,1033,1032,5,1,358
12,8,4,100,85,62,1027,1022,1020,5,2,212
11,6,0,100,89,54,1023,1019,1015,5,1,9
8,7,7,100,82,71,1006,1002,1000,6,2,144
9,7,6,100,90,71,1007,1005,1002,6,2,186
10,8,7,100,89,76,1002,998,997,6,2,186
9,7,6,100,88,81,1002,999,997,6,2,213
9,7,5,100,89,76,998,996,994,6,2,220
9,6,3,100,81,57,1012,1008,1003,5,2,234
10,7,4,93,68,50,1020,1010,1003,4,2,306
10,7,4,100,89,81,1017,1011,1007,6,2,204
9,7,6,93,83,71,1021,1018,1016,5,2,219
11,9,7,100,83,67,1021,1018,1014,4,2,221
14,10,6,100,93,82,1019,1011,1006,6,2,212
13,9,6,100,76,54,1014,1009,1005,6,2,262
4,1,-2,100,94,75,1020,1016,1014,6,2,354
10,7,3,100,98,87,1017,1015,1013,6,2,337
11,8,5,100,90,76,1013,1010,1007,6,2,170
9,7,6,100,93,81,1013,1009,1007,5,2,14
8,6,4,100,89,71,1018,1017,1017,6,2,214
8,4,2,100,85,71,1022,1021,1018,3,1,213
9,7,5,100,89,71,1022,1016,1012,6,2,208
10,6,1,100,79,47,1027,1022,1014,2,1,271
13,10,7,100,91,82,1020,1018,1016,6,2,215
12,10,8,94,83,67,1016,1013,1011,5,2,224
9,7,5,87,77,53,1018,1015,1012,3,2,240
10,6,2,94,90,81,1019,1016,1010,5,2,216
11,8,5,100,84,58,1016,1012,1008,5,2,260
10,8,6,100,89,81,1022,1020,1019,6,2,200
10,8,6,100,84,66,1012,1008,1005,6,2,187
9,7,6,93,77,54,1021,1013,1009,6,2,256
17,11,5,100,82,52,1039,1037,1036,3,1,320
17,9,2,100,81,52,1037,1035,1032,0,1,350
12,8,5,87,74,50,1029,1025,1022,4,2,35
6,4,3,100,84,53,1009,1005,1001,6,2,241
14,9,4,100,90,77,1000,991,965,6,2,230
14,11,9,93,81,63,1004,999,996,5,2,217
13,11,9,100,87,71,1008,1005,1003,7,2,204
15,12,10,100,87,72,1017,1014,1008,6,2,199
21,16,11,100,78,43,1017,1015,1013,6,2,207
15,12,9,100,89,82,1017,1014,1010,5,2,194
13,10,8,94,80,67,1015,1014,1012,4,2,241
15,12,9,100,78,58,1020,1016,1015,4,2,256
14,9,5,93,70,51,1010,1008,1007,6,2,208
13,10,7,93,72,47,1010,1009,1008,4,2,228
13,9,6,100,83,58,1010,1008,1006,5,2,191
14,8,3,100,77,29,1014,1013,1010,5,1,222
21,14,8,94,56,30,1014,1012,1008,5,2,17
15,11,8,100,81,55,1013,1012,1011,5,2,36
18,12,7,88,64,28,1015,1010,1004,6,2,227
11,7,3,93,76,50,1013,1012,1011,6,2,358
11,6,2,100,80,47,1023,1013,1011,6,1,167
14,8,3,93,71,41,1012,1010,1008,3,2,355
19,13,7,94,65,30,1019,1017,1014,5,2,22
16,12,9,100,72,52,1016,1014,1012,5,2,121
15,13,11,94,63,41,1013,1012,1011,5,2,216
22,17,13,100,75,41,1019,1017,1016,6,2,231
25,20,15,88,53,19,1014,1012,1011,5,2,243
23,18,13,100,70,35,1021,1015,1012,4,2,46
23,18,14,77,49,29,1017,1013,1011,5,2,268
26,20,15,94,50,28,1018,1016,1014,4,2,359
32,24,18,78,45,22,1021,1019,1018,2,2,96
30,24,19,83,44,19,1019,1017,1015,5,2,263
25,21,17,82,63,41,1017,1015,1012,4,2,166
21,17,14,100,74,40,1013,1008,1004,5,2,197
21,17,14,94,65,42,1019,1014,1011,6,2,251
19,16,13,100,75,55,1016,1014,1013,6,2,175
18,16,14,100,87,72,1017,1016,1015,5,2,200
16,14,13,88,79,67,1019,1017,1015,6,2,218
20,17,12,100,83,60,1026,1024,1021,6,2,122
19,14,11,100,79,56,1026,1024,1022,5,2,166
20,14,9,100,79,49,1025,1023,1021,4,1,156
21,17,13,94,76,52,1022,1018,1014,5,2,176
18,14,12,100,92,77,1017,1015,1012,6,2,157
17,13,11,100,89,72,1011,1008,1005,6,2,173
13,11,9,100,88,77,1012,1007,1004,5,2,204
18,14,11,94,75,49,1028,1023,1019,3,2,231
23,17,12,100,75,50,1027,1024,1021,6,2,347
16,11,6,87,72,48,1030,1028,1026,4,2,355
13,10,8,100,91,77,1026,1024,1022,5,2,9
7,2,-2,93,63,36,1018,1017,1016,6,2,28
8,4,2,93,83,71,1024,1023,1022,6,2,37
8,4,2,100,87,71,1023,1021,1020,5,2,302
4,1,-1,100,97,93,1025,1024,1022,3,1,25
12,6,-1,100,88,54,1024,1022,1021,3,1,355
11,4,-1,100,92,62,1031,1029,1027,2,1,124
14,6,-3,100,87,48,1032,1031,1029,2,1,359
3,1,0,100,88,65,1013,1011,1009,6,2,17
2,-2,-5,100,93,81,1026,1022,1020,6,1,12
6,1,-3,100,91,61,1020,1018,1017,4,1,355
10,7,3,100,96,87,1022,1019,1018,5,2,342
10,8,7,100,90,76,1026,1024,1022,6,2,143
8,7,6,100,91,81,1026,1023,1021,6,2,120
11,8,6,100,94,82,1021,1019,1017,6,2,287
8,3,-2,100,84,53,1029,1025,1022,2,1,353
8,6,4,100,95,87,1033,1031,1029,7,2,137
11,7,3,100,92,62,1031,1029,1028,3,1,188
7,3,-1,100,94,76,1028,1026,1024,4,1,11
11,3,-3,100,82,50,1028,1026,1025,1,1,43
10,3,-3,100,82,58,1027,1025,1022,6,2,318
9,4,1,100,88,66,1030,1027,1025,6,2,359
11,4,-1,100,84,58,1030,1025,1019,3,2,260
8,4,2,100,85,71,1026,1023,1020,4,1,222
11,8,5,100,89,76,1022,1015,1011,6,2,233
9,4,-1,100,94,76,1032,1029,1028,3,1,43
8,6,4,100,93,81,1034,1032,1031,6,1,1
12,6,1,93,76,50,1027,1024,1023,6,2,333
14,10,7,100,86,53,1030,1023,1017,6,1,233
13,7,2,100,91,72,1027,1026,1024,1,1,360
13,8,4,100,91,67,1026,1025,1024,3,1,348
13,6,-1,100,81,54,1022,1020,1018,6,1,235
11,8,5,93,74,54,1010,1007,1005,5,2,239
6,3,0,100,81,61,1015,1013,1011,7,2,41
9,7,4,100,85,66,1013,1010,1008,6,2,84
17,13,10,66,55,42,1014,1011,1009,4,2,173
13,10,7,87,70,58,1009,1007,1005,6,2,188
11,8,6,93,84,71,1010,1006,1005,6,2,199
13,9,6,100,83,51,1014,1012,1010,5,2,200
10,8,6,100,90,76,1014,1011,1009,6,2,156
9,4,1,100,89,71,1019,1017,1014,5,1,217
21,13,7,100,81,43,1031,1029,1028,5,1,10
17,12,8,82,50,30,1014,1010,1007,5,2,89
11,8,6,93,62,41,1012,1007,1005,5,2,298
15,7,-1,94,72,48,1012,1008,1003,4,2,231
11,9,7,100,83,67,1002,1001,999,5,2,196
14,9,4,93,76,47,1007,1004,1001,5,2,177
10,7,4,100,79,58,998,992,990,6,2,41
14,9,5,93,80,59,1002,995,990,6,2,21
16,11,7,76,51,22,1012,1011,1009,4,2,312
15,10,6,93,68,44,1020,1018,1016,7,2,82
10,7,4,93,83,71,1017,1014,1011,5,2,28
11,8,6,100,83,71,1012,1008,1007,6,2,26
10,8,7,100,93,82,1008,1007,1005,6,2,191
16,12,9,94,81,59,1014,1010,1008,6,2,360
23,18,14,77,50,30,1019,1015,1013,5,2,226
20,17,12,88,55,35,1011,1006,1005,6,2,239
23,18,14,82,47,33,1011,1008,1006,4,2,233
20,17,12,94,61,24,1011,1007,1005,5,2,286
16,13,10,100,65,39,1015,1011,1010,4,2,308
21,13,6,100,67,40,1017,1015,1013,4,2,272
30,25,20,65,42,27,1020,1019,1017,6,2,67
29,22,15,88,56,27,1019,1017,1015,4,2,23
25,19,14,100,70,39,1019,1016,1014,5,2,26
31,24,19,94,48,20,1016,1015,1012,4,2,206
26,20,14,83,51,34,1022,1020,1018,3,2,349
24,18,13,88,59,31,1021,1019,1018,4,2,1
22,19,16,72,58,46,1015,1013,1011,5,2,240
22,18,14,94,60,25,1020,1016,1012,4,2,223
23,20,17,94,76,53,1015,1014,1012,6,2,166
24,20,17,94,77,53,1015,1013,1011,5,2,178
24,20,16,94,73,47,1016,1013,1012,6,2,201
26,20,15,94,70,42,1020,1018,1017,5,2,326
22,18,14,100,76,46,1017,1014,1012,5,2,249
25,19,13,88,65,44,1024,1022,1020,5,2,140
20,17,14,100,84,60,1022,1021,1020,7,2,131
18,16,13,100,87,68,1024,1022,1020,6,2,87
23,17,11,100,77,44,1027,1025,1023,2,1,10
18,14,11,100,84,68,1013,1010,1005,5,2,204
18,13,9,100,76,48,1005,1002,1000,4,2,254
14,10,7,93,72,51,1013,1007,1004,5,2,289
17,12,8,93,79,63,1019,1014,1011,5,2,351
18,16,13,100,82,56,1012,1010,1009,5,2,211
17,14,12,94,72,55,1016,1013,1012,3,2,232
17,13,9,100,93,68,1029,1028,1026,5,1,6
21,13,6,100,89,53,1031,1029,1028,5,1,358
18,13,8,100,78,42,1023,1021,1018,4,1,299
16,10,5,100,89,67,1027,1025,1023,5,1,65
13,10,8,100,94,82,1028,1026,1025,6,1,21
20,16,12,100,86,59,1025,1023,1022,5,2,212
18,12,7,100,75,40,1025,1024,1022,2,1,14
16,10,4,100,83,59,1021,1019,1018,6,1,263
14,11,9,93,79,55,1015,1007,998,5,2,200
10,8,5,93,89,81,999,993,986,5,2,214
11,8,6,100,87,66,997,993,992,6,2,193
8,7,5,100,89,81,1007,1001,997,5,2,205
12,8,5,100,85,66,1018,1013,1007,5,2,192
10,7,3,100,92,76,1019,1017,1015,4,1,317
12,10,8,100,91,82,1015,1009,1005,6,2,176
12,9,6,100,85,67,1010,1005,1001,4,2,245
11,8,6,100,89,76,1011,1009,1007,5,2,198
12,9,7,100,85,58,1008,1007,1005,5,2,212
9,7,5,100,93,81,1008,1001,997,5,2,184
7,3,1,100,93,81,1018,1016,1012,5,1,351
10,8,5,100,97,87,1019,1017,1016,7,1,348
14,11,9,100,74,44,1024,1019,1016,4,1,271
10,8,5,93,79,58,1027,1025,1024,4,2,246
12,7,3,100,74,47,1021,1018,1016,4,1,232
7,3,0,100,90,76,1015,1012,1007,6,2,77
10,7,4,100,88,71,1008,1007,1005,5,2,182
10,8,5,100,87,66,1016,1012,1008,5,2,197
12,9,6,100,87,67,1022,1017,1013,5,2,230
13,9,6,100,96,87,1020,1017,1015,6,2,345
14,13,12,100,93,88,1019,1017,1016,5,2,173
13,11,10,100,96,88,1021,1019,1018,6,1,159
10,8,6,100,94,82,1027,1026,1025,6,1,130
12,6,1,100,89,67,1021,1018,1017,4,1,339
11,8,5,100,94,76,1022,1021,1019,5,2,203
11,10,9,94,82,66,1009,1004,1001,5,2,213
10,7,3,100,88,62,1022,1019,1016,5,2,228
12,11,10,100,96,88,1022,1018,1016,6,1,192
8,4,1,100,93,71,1016,1009,1000,4,1,338
6,3,0,100,90,65,1015,1011,1007,4,2,189
9,7,4,100,75,50,1009,1007,1006,5,2,261
8,4,2,93,79,53,1009,1006,1002,4,2,244
4,1,-2,100,95,87,1027,1025,1020,4,1,358
10,7,3,100,76,43,1023,1019,1015,4,1,287
9,6,2,100,86,76,1021,1015,1005,6,2,200
10,8,6,93,82,66,1011,1007,1003,5,2,238
8,7,5,100,89,81,1017,1013,1010,6,2,223
6,2,-1,100,59,45,1025,1016,1008,2,2,356
8,4,2,93,84,66,1021,1020,1019,5,2,357
11,8,6,100,79,58,1022,1021,1018,5,2,15
7,3,-1,100,88,66,1013,1005,1003,6,2,225
8,6,2,93,80,62,1012,1008,1003,4,2,251
8,7,6,100,87,62,1022,1018,1015,5,2,120
11,9,8,87,77,71,1022,1016,1011,5,2,138
11,9,7,100,87,76,1012,1007,1005,6,2,146
9,7,5,100,83,58,1008,1007,1006,6,2,204
13,9,5,100,71,44,1026,1015,1007,5,2,301
12,7,2,100,90,62,1030,1028,1026,6,1,47
13,7,1,100,88,67,1029,1027,1025,5,1,250
19,12,5,100,75,42,1021,1017,1014,4,2,299
17,9,2,81,59,36,1015,1013,1010,4,2,16
17,10,4,81,54,36,1025,1021,1018,3,2,11
17,13,9,94,77,52,1018,1016,1014,5,2,303
12,10,9,100,93,88,1015,1012,1010,6,2,160
15,12,9,100,75,55,1013,1011,1009,5,2,236
17,11,5,100,73,42,1013,1011,1008,4,2,140
13,11,10,100,87,77,1012,1008,1005,6,2,211
13,10,8,87,65,41,1015,1011,1009,4,2,251
11,9,8,94,79,50,1018,1017,1015,5,2,241
22,14,7,100,75,35,1017,1010,1003,4,2,161
14,11,9,94,86,63,1010,1007,1005,6,2,154
17,12,7,100,80,52,1014,1011,1010,5,2,28
18,13,8,87,66,45,1021,1017,1014,5,2,37
13,11,9,100,86,72,1013,1007,1004,6,2,222
16,11,7,93,76,54,1012,1010,1009,4,2,51
20,17,13,94,64,40,1021,1017,1014,5,2,223
13,10,7,88,67,51,1015,1014,1012,5,2,17
17,11,6,93,72,48,1017,1013,1011,6,2,14
18,14,10,94,79,55,1023,1019,1016,5,2,10
24,18,12,82,66,46,1016,1013,1011,4,2,74
31,23,16,88,49,22,1017,1015,1012,3,2,11
25,21,17,78,59,41,1017,1015,1013,5,2,198
25,20,16,94,57,21,1015,1013,1010,4,2,239
30,23,17,88,59,29,1021,1019,1017,3,2,97
20,17,14,100,80,49,1013,1009,1005,5,2,182
22,18,14,100,82,46,1013,1008,1005,6,2,188
19,16,13,100,82,56,1016,1013,1011,5,2,194
20,17,13,100,74,49,1019,1017,1016,5,2,200
19,17,14,94,84,52,1020,1019,1018,5,2,174
20,17,14,100,85,64,1019,1017,1015,6,2,12
20,17,13,94,79,52,1017,1015,1014,5,2,44
18,14,11,94,85,64,1015,1014,1013,5,2,38
16,13,10,100,85,63,1014,1012,1009,5,2,356
17,13,10,100,82,59,1011,1010,1009,5,1,176
16,13,12,100,84,67,1009,1004,1003,6,2,204
17,12,8,93,70,36,1012,1011,1009,3,1,300
10,8,5,100,68,46,1017,1016,1014,6,2,18
13,10,7,100,88,72,1014,1011,1008,6,2,221
15,11,8,100,85,63,1013,1011,1010,5,2,173
15,12,10,100,88,72,1014,1013,1011,5,2,198
12,10,8,100,85,67,998,990,987,6,2,227
15,12,10,100,81,59,1020,1018,1017,5,2,187
15,11,8,100,84,51,1019,1017,1016,4,2,166
13,11,9,100,87,72,1026,1024,1022,5,2,159
13,10,7,100,89,72,1028,1026,1023,5,1,282
12,10,9,94,89,82,1023,1011,1004,5,2,150
12,10,7,100,87,67,1017,1008,1003,5,2,14
14,11,8,100,83,67,1009,1005,1001,5,2,154
11,9,6,100,90,76,1006,1000,997,5,2,189
9,4,0,100,88,66,1016,1013,1007,5,2,214
11,8,6,93,62,44,1018,1012,1006,2,2,282
13,11,8,94,85,66,1019,1013,1006,6,2,217
6,2,-2,100,89,70,1014,1011,1008,4,2,12
10,6,2,93,79,71,1017,1014,1013,5,2,80
11,6,2,100,88,71,1017,1015,1013,5,2,103
10,8,5,93,84,66,1019,1016,1013,4,2,198
8,6,4,100,91,81,1016,1010,1004,6,2,94
11,6,2,93,75,38,1023,1016,1007,5,2,31
14,7,0,100,88,63,1030,1028,1027,1,1,12
13,7,2,100,93,72,1029,1027,1025,2,1,356
11,8,5,100,85,71,1022,1017,1015,5,2,245
11,7,4,93,85,71,1027,1025,1022,3,1,179
8,6,3,100,95,81,1027,1025,1023,4,1,64
9,6,3,100,64,43,1031,1027,1023,1,1,9
9,7,4,87,64,46,1019,1013,1006,2,2,303
12,9,7,100,92,82,1031,1030,1028,7,1,347
17,10,3,100,79,48,1035,1033,1032,0,1,351
10,7,3,100,81,57,1025,1024,1022,5,1,89
4,2,1,100,79,56,1004,1001,998,5,2,18
10,7,3,100,88,66,1005,996,993,6,2,314
8,3,-1,93,80,57,1011,1008,1005,3,2,183
5,3,2,100,89,70,1013,1009,1006,7,2,3
10,8,5,100,90,76,1006,1004,1001,7,2,340
9,4,1,100,77,50,1007,1004,1001,4,2,26
12,9,7,94,84,76,1015,1012,1010,6,2,194
11,8,5,100,84,62,1023,1017,1013,6,2,17
9,7,6,87,67,50,1017,1014,1013,5,2,13
9,4,0,87,63,34,1011,1009,1008,4,2,79
6,3,2,87,78,65,1011,1008,1006,6,2,34
5,3,1,93,89,81,1008,1007,1005,6,2,12
8,7,5,93,86,81,1005,1003,1002,7,2,3
10,8,6,100,87,76,1009,1004,1003,7,2,275
12,9,6,93,74,47,1012,1011,1009,5,2,230
10,8,6,87,81,76,1010,1008,1006,4,2,183
11,7,4,93,77,62,1022,1014,1009,5,2,227
16,11,6,81,59,43,1012,1010,1008,3,2,43
11,6,1,75,57,35,1015,1013,1012,3,2,23
19,11,3,87,59,30,1015,1012,1007,2,2,43
17,13,9,94,72,39,1010,1007,1006,6,2,355
15,11,7,87,59,36,1021,1017,1014,3,2,316
17,13,10,100,71,52,1006,1004,1002,6,2,134
16,11,7,94,73,34,1003,1002,1000,5,2,342
13,10,7,87,71,47,1008,1007,1006,5,2,216
12,8,4,93,86,67,1009,1005,1002,5,2,26
14,11,8,100,77,58,1004,1001,998,6,2,25
14,11,9,87,64,44,1003,1001,1000,6,2,269
15,10,6,87,52,34,1010,1007,1001,3,2,287
16,10,5,87,63,31,1015,1012,1010,6,2,257
17,13,9,94,81,48,1011,1009,1008,6,2,126
12,10,9,93,82,76,1015,1012,1010,6,2,42
16,12,9,94,76,52,1017,1015,1014,6,2,11
22,16,9,88,61,35,1017,1015,1012,4,2,254
21,16,12,94,79,49,1016,1014,1012,6,2,33
20,16,11,94,76,52,1017,1015,1014,6,2,30
20,16,11,100,84,56,1019,1017,1016,5,2,70
20,16,12,100,85,60,1019,1018,1017,5,2,66
22,16,10,94,73,49,1022,1020,1019,3,2,42
25,19,13,94,68,34,1024,1023,1021,5,2,93
27,21,16,94,67,41,1020,1018,1014,5,2,117
27,21,15,77,46,26,1012,1011,1010,2,2,300
31,24,18,100,57,13,1015,1013,1009,5,2,133
35,28,21,73,40,20,1017,1015,1013,3,2,76
33,26,18,94,56,22,1017,1016,1013,2,2,292
30,26,21,46,31,20,1016,1014,1012,3,2,237
27,21,15,94,70,44,1015,1012,1009,4,2,228
25,21,17,94,68,41,1013,1012,1011,4,2,213
26,22,18,94,58,28,1019,1017,1015,4,2,219
27,22,18,64,40,23,1016,1014,1012,3,2,182
23,20,17,94,74,53,1022,1019,1016,4,2,23
30,23,17,94,68,40,1022,1020,1018,4,2,85
31,26,20,83,56,31,1022,1021,1018,4,2,150
16,12,8,94,69,52,1014,1012,1009,5,2,35
20,16,12,100,85,73,1013,1010,1009,6,2,192
21,18,16,94,81,53,1016,1011,1009,5,2,213
19,17,14,94,82,60,1020,1017,1016,4,2,190
15,12,10,100,91,77,1019,1016,1013,5,2,66
12,10,9,100,90,71,1013,1005,999,6,2,137
15,11,8,94,81,55,1005,1003,1002,6,2,215
12,9,7,93,81,67,1007,1004,1002,5,2,219
13,9,6,93,84,63,1010,1007,1006,6,2,188
14,10,7,100,86,59,1013,1010,1009,6,2,171
15,10,6,100,78,48,1016,1014,1013,4,1,211
12,9,6,100,89,82,1020,1018,1017,6,2,42
14,12,10,94,90,77,1020,1018,1017,5,2,11
12,6,1,100,89,67,1029,1027,1026,4,1,349
15,8,0,100,78,48,1027,1025,1024,0,1,360
12,9,6,100,86,66,1018,1016,1015,6,2,30
11,8,5,93,84,71,1004,999,994,6,2,157
8,7,5,93,84,76,1015,1009,1002,6,2,196
11,8,6,87,79,67,1022,1019,1017,6,2,8
13,8,4,100,81,54,1023,1021,1020,4,2,298
8,3,-2,100,77,40,1014,1009,1006,5,1,329
6,3,0,93,65,45,1011,1008,1006,3,1,324
14,7,1,100,77,54,1030,1028,1025,1,1,320
6,3,2,93,87,70,1017,1015,1013,6,2,349
7,4,2,100,88,71,1017,1015,1013,6,2,11
8,2,-4,93,70,53,1008,1004,1001,6,2,229
4,2,0,100,92,81,1010,1008,1006,6,2,7
8,4,1,93,75,46,1010,1009,1008,5,2,7
9,3,-2,93,63,29,1011,1008,1007,2,1,315
17,12,7,88,73,48,1017,1014,1012,5,2,219
20,14,9,93,68,33,1016,1014,1011,4,2,234
17,11,6,100,76,45,1013,1011,1009,4,2,213
19,14,11,88,64,34,1022,1019,1018,5,2,256
15,12,10,94,82,55,1018,1015,1014,5,2,156
17,12,8,100,81,52,1022,1019,1017,5,2,150
18,12,6,82,56,33,1017,1011,1007,5,2,5
13,9,6,66,50,26,1013,1010,1008,4,2,297
19,14,10,82,58,35,1015,1011,1009,3,2,246
21,16,12,94,67,43,1012,1010,1009,5,2,206
19,16,12,94,69,37,1018,1014,1012,6,2,216
20,13,7,87,54,26,1021,1015,1011,4,2,4
26,21,16,94,70,36,1024,1022,1020,6,2,10
28,22,16,88,63,32,1021,1018,1015,5,2,9
32,24,17,56,28,15,1017,1015,1012,5,2,309
29,24,21,73,54,30,1025,1022,1019,4,2,45
32,23,16,83,49,21,1022,1017,1015,2,2,239
32,26,19,73,44,10,1018,1014,1012,4,2,182
27,23,19,78,55,30,1014,1013,1010,4,2,228
24,19,14,64,44,31,1015,1013,1009,3,2,220
21,17,13,82,61,38,1015,1011,1008,6,2,355
26,20,14,94,61,26,1015,1014,1013,4,2,84
24,19,14,83,46,21,1018,1017,1016,2,2,268
22,17,12,68,48,25,1018,1013,1010,4,2,17
26,19,13,59,41,24,1019,1017,1015,4,2,138
25,17,9,66,43,24,1023,1022,1020,6,2,325
22,18,15,94,63,41,1021,1019,1017,6,2,166
21,17,14,100,82,60,1019,1016,1014,5,2,70
21,17,14,94,79,53,1015,1014,1012,6,2,187
15,12,9,94,74,55,1017,1015,1013,4,2,200
15,12,9,94,74,48,1019,1017,1017,5,2,59
19,17,14,94,75,49,1016,1015,1014,6,2,203
18,13,9,94,79,52,1018,1016,1015,5,2,239
16,13,12,100,83,67,1016,1015,1014,6,2,205
17,14,13,100,88,72,1016,1014,1013,6,2,185
18,14,11,100,82,52,1024,1020,1015,4,1,172
23,16,9,94,66,33,1019,1017,1015,4,2,161
19,16,13,94,84,68,1018,1017,1013,6,2,179
20,15,10,100,87,56,1020,1018,1017,4,1,180
21,17,13,100,82,53,1017,1014,1012,4,2,250
16,13,11,94,78,59,1022,1016,1012,4,2,214
13,9,5,93,64,38,1032,1028,1022,3,2,339
12,9,6,93,82,62,1025,1018,1010,5,2,174
7,6,4,93,85,76,1010,1007,1005,6,2,22
8,6,4,100,89,76,1012,1010,1010,6,2,4
7,6,4,100,93,87,1012,1010,1009,6,2,352
9,6,2,100,95,87,1015,1013,1012,3,1,135
10,7,4,100,97,82,1017,1016,1015,3,1,108
11,7,3,100,89,71,1016,1015,1014,4,1,86
10,4,-1,93,73,50,1019,1009,1000,6,2,201
7,3,0,87,64,37,1004,1002,1000,3,2,281
8,3,-1,100,81,53,1014,1011,1009,4,1,18
11,9,8,94,84,66,1007,1003,1000,5,2,221
12,9,6,93,69,47,1019,1014,1007,3,2,242
12,10,8,93,83,72,1019,1016,1014,6,2,213
6,3,0,93,92,87,1016,1011,1006,6,2,350
10,8,6,100,80,66,1008,1006,1005,6,2,234
7,4,2,100,92,81,1011,1009,1007,6,2,19
8,6,4,100,90,76,1014,1012,1010,6,2,346
9,7,4,93,84,71,1022,1017,1014,5,2,348
8,6,4,93,84,57,1026,1023,1022,6,2,209
8,6,4,100,84,57,1023,1020,1016,6,2,215
5,3,2,93,90,81,1019,1016,1015,6,2,28
11,6,0,100,87,71,1027,1025,1022,2,1,108
8,4,2,100,88,71,1027,1026,1025,4,1,19
14,7,-1,100,77,48,1023,1021,1017,5,1,229
12,9,7,87,74,54,1014,1011,1005,4,2,214
10,7,4,87,72,40,1010,1007,1003,5,2,237
5,3,1,93,80,56,1017,1015,1013,6,2,15
9,3,-2,100,64,34,1013,1010,1008,2,1,231
7,3,0,100,83,65,1009,1007,1003,7,2,183
6,3,0,100,81,61,1006,1000,995,5,2,298
12,9,7,100,86,72,1016,1008,1000,6,2,194
8,4,1,87,62,43,1023,1011,998,5,2,329
16,10,5,100,70,48,1023,1020,1018,4,1,236
15,11,7,94,79,55,1011,1008,1004,6,2,153
14,12,10,94,84,67,1005,1002,1000,7,2,161
14,10,7,94,75,44,1006,1004,1001,5,2,190
13,9,5,100,79,54,1008,1007,1005,6,2,179
14,11,8,93,73,51,1009,1007,1006,6,2,221
14,11,9,93,77,59,1014,1012,1008,6,2,211
17,13,10,88,72,55,1018,1011,1007,3,2,226
18,12,6,81,62,42,1022,1020,1019,4,2,194
17,12,7,88,66,45,1009,1008,1007,4,2,214
16,13,10,94,79,55,1012,1009,1007,6,2,196
19,12,5,100,70,37,1017,1015,1012,4,1,202
22,13,6,82,57,33,1018,1015,1012,6,2,266
19,16,12,94,69,37,1019,1015,1012,4,2,212
15,12,9,87,70,51,1017,1014,1013,6,2,18
18,14,11,94,73,49,1014,1011,1009,6,2,201
18,12,7,94,83,49,1014,1013,1011,5,2,8
19,16,13,94,62,32,1013,1011,1009,5,2,43
20,17,13,94,80,56,1018,1014,1012,6,2,116
20,17,13,94,75,46,1022,1020,1018,6,2,47
27,19,12,72,53,28,1014,1012,1010,6,2,118
26,18,11,94,62,32,1019,1017,1015,5,2,192
28,22,17,88,51,23,1018,1016,1015,5,2,77
28,22,16,88,55,23,1020,1018,1016,3,2,124
29,22,15,63,34,22,1021,1019,1015,5,2,121
28,22,16,88,55,32,1019,1016,1014,4,2,156
27,20,14,94,62,30,1018,1017,1015,4,2,123
27,21,16,94,65,32,1017,1016,1014,4,2,185
30,24,19,78,53,30,1018,1016,1014,4,2,65
32,26,19,68,42,23,1014,1013,1010,3,2,238
31,23,17,68,37,21,1017,1016,1015,3,2,320
34,27,19,56,33,14,1022,1020,1018,4,2,138
36,28,21,46,31,14,1021,1020,1016,4,2,51
34,26,18,83,47,21,1021,1019,1015,3,2,9
23,19,15,94,60,33,1010,1007,1006,4,2,216
23,17,11,88,56,31,1016,1013,1011,4,2,213
25,18,10,100,64,26,1022,1019,1016,2,1,143
34,27,20,69,42,21,1020,1018,1014,4,2,156
32,26,19,78,49,22,1018,1017,1015,4,2,20
34,26,18,60,41,18,1022,1020,1018,3,2,335
25,21,17,77,54,34,1018,1016,1014,5,2,111
26,20,14,88,57,26,1016,1012,1008,4,2,202
21,18,15,82,63,37,1013,1010,1008,5,2,192
19,14,11,82,56,35,1016,1014,1013,5,2,325
25,20,16,82,50,33,1013,1010,1006,6,2,166
19,16,12,88,71,46,1013,1012,1011,4,2,206
22,19,16,77,48,33,1020,1016,1012,4,2,261
20,17,14,82,62,52,1019,1017,1016,5,2,234
23,17,12,88,64,38,1017,1014,1011,4,2,132
16,13,12,100,91,77,1013,1012,1012,8,2,142
17,14,13,100,85,68,1012,1007,1005,6,2,166
16,14,13,94,81,72,1009,1006,1005,5,2,205
16,14,13,94,89,82,1009,1007,1005,7,2,191
18,14,12,100,83,56,1014,1012,1009,6,1,277
18,14,12,94,84,72,1014,1010,1007,6,2,168
18,16,14,94,86,73,1012,1008,1006,6,2,193
17,13,10,94,89,77,1015,1013,1010,4,1,268
19,17,14,94,81,68,1010,1006,1005,5,2,149
19,16,13,94,80,52,1018,1010,1005,5,2,172
19,14,10,100,85,56,1019,1018,1017,6,2,106
14,12,11,100,94,88,1020,1018,1017,7,2,103
13,12,11,100,97,88,1025,1022,1020,7,2,25
14,12,10,94,86,77,1028,1026,1025,6,2,10
14,13,12,100,90,72,1023,1021,1019,6,2,358
17,14,12,100,87,72,1027,1023,1020,5,2,19
16,10,4,93,78,51,1019,1016,1012,5,2,81
14,12,10,94,89,76,1013,1009,1007,7,2,178
12,10,9,94,87,76,1025,1022,1019,6,2,175
16,13,12,94,81,67,1009,1005,1003,6,2,169
14,11,8,93,86,67,1015,1009,1002,6,2,174
11,8,6,100,90,67,1024,1020,1015,4,1,159
11,8,5,93,87,71,1027,1024,1022,6,2,357
11,8,5,100,87,71,1025,1023,1021,6,1,195
14,10,6,94,84,59,1026,1018,1010,5,2,201
10,6,2,93,86,62,1024,1020,1015,7,2,186
12,9,6,100,67,43,1017,1012,1007,4,2,247
8,3,-2,100,90,70,1030,1028,1026,3,1,169
5,3,2,100,94,87,1033,1028,1025,6,1,3
13,6,-2,100,82,44,1036,1034,1033,4,1,346
11,6,1,93,77,58,1028,1026,1024,6,2,282
15,8,1,100,86,63,1032,1028,1026,1,1,127
8,4,2,100,83,57,1016,1010,1007,5,1,242
8,6,4,93,74,61,1024,1020,1017,7,2,358
9,6,2,100,85,54,1022,1019,1018,4,1,168
8,7,5,93,86,76,1025,1023,1022,6,2,359
11,7,3,100,84,67,1024,1023,1022,5,1,10
11,8,6,100,88,67,1023,1020,1017,6,2,31
11,8,6,100,84,58,1016,1012,1009,6,1,236
10,8,7,100,91,76,1010,1007,1005,6,2,187
13,9,6,93,64,38,1019,1013,1005,3,2,251
15,12,5,88,63,29,1022,1018,1015,3,2,243
20,11,3,87,64,26,1019,1011,1003,5,2,291
12,9,7,87,69,47,1016,1013,1010,3,2,235
8,7,6,93,82,71,1013,1010,1009,7,2,134
13,7,0,100,74,43,1017,1015,1013,2,1,269
12,10,8,93,80,62,1019,1017,1016,4,2,233
15,10,6,93,71,33,1023,1020,1018,4,2,248
10,8,5,93,71,58,1025,1022,1020,7,2,191
15,11,7,100,69,33,1020,1016,1012,6,2,261
8,4,0,100,61,34,1013,1012,1010,3,2,332
11,9,6,93,83,66,1012,1011,1010,5,2,85
12,9,7,87,71,50,1014,1011,1009,5,2,242
12,8,4,93,73,51,1010,1009,1007,6,2,94
12,7,3,100,78,50,1015,1012,1010,6,2,149
13,8,3,93,73,44,1013,1011,1008,5,2,11
13,10,7,93,76,62,1016,1015,1013,6,2,41
12,8,4,93,81,50,1020,1017,1016,5,2,72
15,10,5,94,76,55,1019,1017,1015,4,2,358
16,12,9,94,79,55,1016,1014,1012,6,2,4
17,13,9,94,76,48,1017,1014,1012,4,2,29
22,14,7,93,67,35,1022,1020,1017,3,2,27
22,14,8,93,73,38,1021,1019,1017,4,2,8
22,13,6,100,65,29,1019,1017,1015,2,2,47
23,16,8,81,61,33,1017,1015,1013,4,2,351
17,13,11,100,76,52,1016,1014,1013,6,2,130
13,11,10,100,86,58,1015,1013,1011,5,2,170
17,13,9,94,79,45,1018,1016,1015,5,2,45
18,12,7,93,77,48,1018,1017,1015,5,2,352
16,12,9,94,73,42,1015,1012,1010,5,2,243
13,10,7,94,82,50,1011,1008,1006,5,2,161
16,12,8,94,77,55,1011,1008,1006,6,2,138
25,19,14,94,67,36,1011,1009,1005,5,2,342
23,18,13,88,69,53,1016,1013,1011,6,2,57
21,16,12,100,84,64,1018,1015,1012,6,2,32
17,13,11,94,88,63,1015,1013,1012,5,2,11
15,11,8,100,91,72,1013,1012,1010,6,1,275
18,13,8,100,82,55,1011,1010,1009,5,2,203
29,23,17,77,52,29,1017,1016,1014,6,2,166
24,19,15,100,61,29,1018,1017,1015,5,2,231
21,18,16,94,64,43,1013,1011,1010,6,2,207
21,18,16,94,84,68,1015,1014,1013,6,2,201
21,18,15,100,80,56,1014,1013,1011,6,2,203
36,28,20,53,31,16,1018,1016,1014,4,2,349
30,24,18,83,54,31,1016,1013,1011,4,2,222
26,20,14,82,58,30,1020,1019,1016,5,2,22
30,22,15,88,66,39,1021,1019,1015,6,2,29
34,26,18,83,49,21,1023,1020,1018,3,2,116
29,23,18,64,37,22,1019,1017,1016,5,2,171
28,21,15,83,42,26,1019,1017,1015,6,2,137
24,20,17,88,64,44,1023,1021,1020,4,2,122
26,19,12,94,67,34,1023,1021,1019,3,2,344
20,18,15,94,71,56,1022,1021,1020,6,2,180
23,17,12,100,76,47,1022,1019,1015,5,2,329
20,17,13,100,87,60,1017,1014,1012,5,2,181
21,16,12,100,79,49,1020,1019,1019,3,1,142
17,13,10,88,66,42,1017,1016,1015,5,2,71
15,13,11,94,85,67,1014,1012,1010,6,2,277
6,0,-5,93,68,39,1011,1009,1007,7,2,348
12,8,4,100,93,87,1007,1003,1002,6,2,179
11,6,0,100,83,58,1012,1009,1007,3,1,344
9,3,-3,100,83,58,1024,1021,1020,6,2,350
12,6,0,100,86,62,1027,1025,1024,2,1,298
14,7,0,100,87,63,1025,1024,1022,4,1,257
16,8,1,100,79,42,1028,1026,1025,1,1,331
13,7,0,100,86,58,1032,1030,1029,0,1,58
8,3,-1,100,95,76,1030,1027,1024,4,1,349
6,3,1,100,98,87,1028,1025,1023,6,1,155
16,9,2,100,74,41,1023,1020,1018,3,1,218
5,2,0,100,89,75,1025,1020,1016,7,2,45
8,7,6,100,85,71,1026,1021,1019,6,2,356
10,8,6,93,86,76,1022,1020,1018,6,2,350
9,6,3,100,89,76,1018,1012,1008,5,2,313
10,8,6,93,85,66,1007,999,994,4,2,201
11,8,5,100,83,61,1020,1015,1010,5,2,213
11,7,4,100,84,62,1020,1015,1012,4,2,244
10,5,0,100,91,76,1021,1018,1014,5,1,227
13,9,5,100,92,67,1033,1031,1028,7,1,91
11,7,3,100,86,71,1018,1013,1009,6,2,182
12,9,6,93,75,44,1024,1017,1009,5,2,231
11,6,1,93,76,54,1032,1030,1028,6,2,60
9,7,5,100,90,82,1029,1025,1021,6,2,14
12,10,8,100,92,82,1021,1018,1017,7,2,146
15,11,8,100,87,59,1024,1021,1019,5,1,68
17,11,6,100,79,48,1030,1027,1024,4,2,92
18,11,5,100,70,34,1031,1029,1027,2,1,82
11,9,7,100,85,58,1024,1023,1022,6,2,1
16,9,2,100,84,59,1025,1023,1022,2,1,8
19,11,4,100,76,43,1024,1022,1020,4,1,302
16,12,9,100,82,59,1025,1022,1021,4,2,360
15,10,6,76,55,29,1012,1011,1009,4,2,263
15,9,4,81,57,39,1005,999,995,4,2,295
16,11,7,87,63,33,1020,1016,1014,3,2,240
19,14,11,94,64,32,1004,1001,999,5,2,208
15,12,9,100,81,48,1005,1002,1000,6,2,191
18,14,12,100,81,55,1001,999,998,6,2,204
17,13,11,94,75,55,1001,997,995,4,2,195
13,9,6,93,66,38,1014,1005,998,5,2,346
21,14,8,77,56,25,1018,1013,1007,4,2,226
14,11,8,93,72,47,1007,1004,1001,4,2,241
13,10,8,100,79,51,1003,996,991,5,2,220
13,10,7,93,83,71,1003,1000,997,5,2,192
15,11,7,93,74,51,1005,1000,998,6,2,231
24,18,13,77,51,33,1015,1013,1010,5,2,128
17,14,12,94,89,77,1014,1012,1011,6,2,55
18,14,12,100,80,42,1011,1008,1006,6,2,123
12,11,10,94,87,82,1009,1007,1006,6,2,360
21,16,10,94,73,40,1016,1014,1012,5,2,217
19,16,12,100,68,37,1014,1013,1011,5,2,210
20,16,12,100,74,46,1011,1009,1007,5,2,211
21,16,10,94,65,33,1011,1009,1008,4,2,98
18,13,9,87,69,48,1011,1009,1007,4,2,337
21,14,9,94,71,46,1015,1014,1012,4,2,322
24,17,11,100,69,36,1016,1015,1013,4,1,226
19,16,12,94,81,52,1014,1011,1009,6,2,218
18,14,12,94,71,40,1010,1008,1007,5,2,211
16,12,9,100,75,55,1009,1007,1005,5,2,275
19,13,8,93,65,40,1009,1008,1007,2,2,210
20,15,10,94,70,40,1014,1013,1012,4,2,178
20,16,11,94,76,40,1014,1012,1011,4,2,216
20,14,9,100,82,49,1015,1014,1013,4,2,355
22,17,12,100,74,38,1018,1016,1015,4,2,253
17,13,11,100,81,59,1020,1018,1017,6,2,57
21,16,12,88,70,46,1020,1019,1018,4,2,28
23,17,11,94,73,46,1021,1020,1019,4,2,19
24,19,15,100,66,38,1010,1008,1007,3,2,237
25,19,14,100,61,29,1018,1014,1011,3,2,55
31,24,18,83,36,25,1018,1016,1012,6,2,26
30,23,16,94,63,33,1018,1017,1016,4,2,9
30,23,16,82,44,25,1025,1023,1020,4,2,86
23,18,14,94,61,29,1016,1013,1011,4,2,250
28,23,18,77,58,39,1019,1015,1013,3,2,144
29,21,13,100,68,32,1020,1017,1014,3,2,294
27,20,14,77,42,21,1020,1017,1016,5,2,268
24,19,14,94,62,43,1018,1015,1012,4,2,329
22,18,15,100,80,60,1013,1012,1011,5,2,222
18,14,12,88,65,49,1024,1023,1022,5,2,73
18,11,5,100,60,37,1021,1020,1019,6,2,341
16,12,8,100,76,42,1022,1020,1019,4,1,5
23,17,12,72,53,33,1028,1026,1025,4,2,50
20,17,14,82,63,55,1026,1023,1021,5,2,62
22,17,13,100,83,56,1025,1024,1022,6,2,2
20,16,12,100,79,52,1025,1024,1022,6,2,203
19,17,14,94,80,64,1020,1016,1013,5,2,175
14,11,8,100,77,43,1022,1016,1012,6,2,26
20,12,5,93,71,40,1024,1017,1010,6,2,274
13,9,5,100,86,70,1009,1007,1004,7,2,40
10,6,1,93,79,61,1013,1006,1000,5,2,220
10,8,7,93,91,81,1000,996,992,5,2,187
11,7,4,100,82,58,1006,1003,998,5,2,177
11,8,6,81,69,47,1012,1006,1003,6,2,320
13,7,1,94,86,67,1021,1020,1019,5,2,246
13,8,4,100,74,41,1024,1021,1020,2,1,9
12,8,3,87,62,41,1012,1005,1002,3,2,281
7,3,0,87,70,52,1019,1011,1005,2,2,358
6,0,-6,93,76,53,1013,1008,1001,5,2,221
7,6,4,93,79,66,1000,997,994,4,2,226
6,3,1,87,73,53,1011,1008,1006,4,2,260
6,3,1,100,75,56,1022,1015,1011,3,1,214
9,4,1,100,92,66,1015,1014,1011,5,1,190
11,6,2,94,84,62,1022,1020,1018,6,2,197
12,10,9,100,96,88,1020,1019,1017,6,2,159
12,10,9,100,96,88,1020,1018,1017,6,2,107
9,7,5,100,86,61,1018,1015,1012,5,2,53
6,2,-1,100,94,65,1018,1009,999,5,1,208
7,3,0,93,69,46,1003,999,997,3,2,297
10,8,5,100,85,71,1024,1021,1018,5,2,333
11,8,5,100,83,62,1024,1022,1021,5,2,21
9,7,6,100,97,93,1018,1014,1012,6,2,352
5,2,-1,100,92,81,1019,1016,1014,5,1,36
1,-1,-2,100,91,69,1018,1017,1016,6,1,354
4,-2,-7,100,91,65,1026,1020,1017,6,1,96
2,-1,-4,100,90,75,1025,1021,1019,6,1,356
2,0,-2,100,99,93,1023,1021,1019,7,1,118
12,8,4,100,91,76,1021,1011,1004,6,1,223
7,4,3,81,61,43,1010,1005,1003,2,2,279
12,7,3,100,87,61,1017,1013,1010,4,2,223
8,6,3,87,73,50,1012,1003,998,4,2,224
15,10,5,100,82,63,1019,1017,1016,2,2,214
16,13,10,94,86,63,1017,1016,1015,3,2,215
14,10,7,100,83,55,1017,1012,1007,4,1,170
11,8,6,93,68,50,1007,1005,1004,4,2,238
5,3,1,100,91,70,1004,994,988,7,2,101
7,4,3,100,92,76,996,990,987,5,2,347
7,4,2,100,86,70,1002,1000,996,5,1,208
11,7,4,100,86,62,1000,998,995,5,2,198
8,6,4,100,85,71,999,997,995,4,2,184
6,3,1,93,77,49,1000,996,994,4,2,245
13,9,6,87,57,35,1026,1021,1017,3,2,283
13,8,4,100,82,62,1015,1012,1011,4,1,266
10,8,6,93,82,71,1017,1014,1011,6,2,353
12,9,6,93,73,46,1010,1001,995,5,2,257
10,7,4,93,65,32,1007,1000,995,4,2,282
23,14,6,72,45,24,1017,1013,1009,1,2,298
17,11,6,87,63,32,1007,1005,1004,4,2,236
14,8,2,100,64,31,1012,1008,1006,1,2,356
13,10,7,87,66,44,1010,1007,1004,5,2,200
13,9,6,93,73,44,1009,1007,1005,4,2,213
14,10,6,93,76,48,1014,1011,1009,5,2,215
13,7,1,100,70,44,1016,1015,1014,3,1,226
16,10,5,100,76,36,1015,1014,1012,4,2,232
18,12,6,100,69,32,1023,1017,1013,3,2,19
14,10,7,93,60,31,1014,1010,1008,3,2,357
18,13,8,87,61,42,1019,1018,1017,3,2,249
24,18,12,100,70,31,1016,1013,1010,5,2,217
25,19,13,94,80,31,1017,1015,1010,4,2,272
23,18,13,94,67,29,1018,1016,1014,4,2,261
31,22,14,67,39,12,1016,1015,1011,3,2,346
23,19,16,59,37,22,1011,1009,1007,2,2,238
21,17,13,77,57,31,1010,1008,1007,4,2,241
20,16,12,94,55,40,1014,1011,1010,3,2,216
38,28,18,52,26,9,1021,1019,1016,3,2,119
34,27,21,57,36,21,1021,1018,1016,2,2,15
32,26,19,83,45,24,1019,1018,1016,2,2,348
28,23,18,94,59,37,1021,1019,1017,2,2,15
37,27,18,83,42,14,1022,1020,1018,1,2,292
36,28,21,68,41,17,1022,1020,1017,1,2,347
29,23,17,88,38,16,1017,1016,1014,3,2,251
26,21,16,88,50,28,1018,1017,1015,2,2,193
20,14,9,77,53,30,1013,1011,1008,4,2,45
14,11,8,94,84,72,1013,1012,1011,4,2,13
19,14,10,100,76,46,1018,1015,1013,3,2,208
26,20,15,82,59,30,1022,1021,1019,2,2,136
22,19,16,88,56,41,1021,1019,1017,5,2,45
22,18,14,100,80,53,1019,1017,1016,4,2,319
25,20,16,94,60,41,1019,1018,1017,3,2,249
21,17,13,100,81,56,1020,1018,1017,4,2,202
16,13,11,100,72,48,1009,1004,999,5,2,185
13,11,10,94,82,63,1005,1003,1000,4,2,228
17,13,10,100,66,42,1015,1005,995,3,2,254
11,10,9,100,91,82,1023,1021,1019,6,2,176
12,9,6,100,80,54,1022,1020,1018,3,2,203
11,7,3,100,95,66,1023,1020,1014,5,1,253
9,7,5,100,79,53,1013,1005,1002,4,2,218
13,10,8,100,92,82,1020,1016,1012,5,2,208
12,10,8,88,66,47,1021,1015,1011,3,2,278
12,10,9,100,91,82,1021,1019,1018,6,2,193
16,8,1,100,87,48,1028,1027,1025,5,1,349
15,7,-1,100,95,51,1018,1014,1010,2,1,136
2,-1,-4,93,84,64,1013,1011,1009,6,2,137
3,0,-2,100,96,74,1011,1002,998,6,2,357
12,8,4,100,96,82,1002,997,994,6,1,205
15,10,6,100,87,67,1003,994,989,4,2,190
15,12,10,100,87,67,1000,991,987,5,2,208
10,7,3,100,77,54,1011,1007,1001,3,2,347
11,8,5,100,91,66,1015,1004,1001,6,2,355
10,8,5,100,97,87,1017,1011,1008,5,2,360
15,12,10,100,93,82,1009,1008,1006,5,2,201
14,11,7,94,83,67,1006,1004,1002,3,2,207
11,7,4,93,83,67,1005,999,996,4,2,208
8,6,3,100,84,66,1021,1019,1016,5,1,196
8,4,2,100,90,76,1020,1017,1015,5,2,347
10,8,7,100,94,87,1015,1007,1001,6,2,349
11,8,6,100,89,76,1003,1000,999,6,2,81
4,2,1,93,87,65,1003,999,998,5,2,18
1,-2,-5,100,92,75,1022,1016,1012,5,1,325
7,3,-1,100,95,66,1021,1014,1007,6,1,350
8,4,2,100,93,76,1015,1011,1002,5,1,190
10,8,7,100,97,87,1025,1023,1023,6,1,344
15,11,8,100,86,63,1024,1021,1019,5,1,229
13,11,10,100,89,67,1021,1019,1017,6,1,208
14,8,3,100,74,36,1023,1021,1019,2,1,265
12,9,6,100,80,62,1019,1017,1015,4,2,111
10,5,0,100,72,43,1022,1020,1019,4,2,33
10,8,6,94,80,62,1014,1012,1011,5,2,262
13,9,6,100,85,62,1009,1003,999,4,2,208
3,0,-2,100,84,70,1004,999,996,6,2,8
6,3,2,100,95,93,996,991,988,6,2,352
11,8,6,93,81,62,1000,992,988,5,2,219
8,4,2,93,79,62,1002,999,995,4,2,335
8,6,4,93,73,50,1008,1000,993,4,2,332
6,3,1,100,91,81,1009,1002,998,5,2,9
12,9,6,100,86,71,1004,1001,998,5,2,217
11,8,6,100,88,76,1008,1006,1003,4,2,215
13,10,8,93,79,58,1014,1012,1009,3,2,228
14,11,8,100,85,67,1013,1008,1004,3,2,202
21,13,7,100,81,49,1011,1001,991,5,2,266
14,10,7,93,75,54,1020,1015,1008,4,2,216
16,9,3,100,68,34,1020,1014,1009,6,2,84
14,10,7,100,85,55,1009,1007,1005,5,2,242
15,9,4,100,81,51,1015,1013,1009,3,1,215
11,8,5,100,85,66,1016,1015,1013,6,2,34
6,3,2,100,93,81,1016,1014,1012,6,2,20
10,7,4,100,90,76,1013,1010,1007,5,2,270
18,11,5,81,65,42,1027,1025,1023,3,2,345
16,11,7,94,83,72,1025,1024,1022,4,2,309
16,12,9,100,81,59,1022,1021,1019,3,2,200
19,14,9,94,74,49,1012,1009,1005,4,2,204
13,10,8,94,80,62,1014,1009,1008,5,2,207
15,11,7,88,71,55,1015,1011,1007,4,2,205
14,9,5,76,52,31,1019,1017,1016,3,2,300
14,10,6,93,75,51,1017,1015,1013,4,2,199
12,9,7,100,79,58,1011,1010,1008,5,2,49
12,10,9,100,94,88,1011,1009,1008,6,2,36
16,12,8,100,91,72,1010,1009,1007,5,2,77
16,12,9,100,90,68,1014,1013,1011,5,2,145
15,12,9,100,86,63,1016,1014,1013,5,2,176
22,16,10,94,74,35,1017,1014,1011,4,2,23
20,17,13,94,72,46,1012,1010,1008,4,2,215
20,15,10,94,74,46,1015,1012,1010,3,2,150
20,13,7,87,61,35,1015,1013,1009,3,2,336
15,10,6,82,60,36,1014,1011,1009,3,2,15
18,12,6,76,59,37,1008,1006,1004,3,2,325
17,12,7,94,73,45,1009,1007,1006,4,2,221
17,13,10,100,82,55,1008,1005,1004,5,2,216
17,13,11,94,70,36,1009,1008,1006,3,2,212
13,9,6,87,71,51,1013,1011,1010,4,2,235
18,11,5,88,61,30,1015,1013,1011,3,2,329
22,17,12,88,57,33,1021,1017,1015,3,2,323
26,21,16,82,47,28,1011,1009,1007,3,2,225
18,16,13,100,89,77,1008,1003,999,6,2,186
20,17,13,88,72,49,1010,1005,1002,4,2,221
20,17,13,88,69,49,1014,1012,1010,2,2,227
17,16,14,94,82,68,1015,1014,1012,5,2,247
24,19,14,94,70,41,1017,1015,1015,3,2,72
26,19,13,88,56,28,1017,1016,1014,3,2,1
32,24,18,94,57,24,1018,1015,1011,2,2,185
30,24,18,100,64,23,1019,1017,1016,2,2,349
32,24,18,83,55,24,1022,1021,1019,2,2,54
31,26,20,78,55,31,1017,1015,1013,3,2,351
29,23,18,94,65,33,1021,1019,1017,2,2,58
36,29,23,61,40,15,1020,1018,1015,2,2,38
32,27,23,69,41,31,1020,1019,1017,1,2,87
35,28,21,94,58,22,1022,1019,1016,2,2,193
28,23,18,78,58,37,1019,1015,1014,1,2,128
28,23,18,100,67,34,1013,1012,1010,4,2,77
29,24,19,88,56,25,1018,1016,1014,2,2,203
24,20,16,100,80,50,1015,1012,1010,3,2,2
23,19,16,94,71,50,1018,1015,1013,2,2,14
21,16,12,94,59,39,1012,1009,1003,5,2,189
21,17,14,94,62,33,1014,1009,1004,3,2,259
25,19,14,78,58,41,1015,1013,1012,3,2,233
25,20,16,100,71,39,1015,1013,1011,4,2,172
20,17,13,100,86,60,1012,1010,1007,4,2,163
19,14,11,100,85,49,1008,1004,1001,3,1,173
21,13,7,94,58,31,1020,1014,1008,5,2,270
12,11,10,100,89,77,1013,1009,1003,5,2,213
15,12,10,94,76,51,1007,1001,998,5,2,240
16,11,7,100,79,55,1018,1012,1009,2,1,349
13,9,6,88,70,58,1009,999,992,5,2,243
14,12,10,88,65,38,996,992,989,4,2,261
13,8,4,100,87,67,1020,1016,1012,6,1,225
12,9,7,100,89,76,1012,1009,1007,6,2,184
13,9,6,100,80,54,1018,1013,1010,4,2,226
12,7,3,93,81,54,1019,1017,1015,4,2,221
14,11,8,93,70,44,1015,1011,1009,4,2,234
3,0,-3,100,87,70,1008,1003,1000,5,2,355
7,4,3,100,94,81,1000,997,995,5,2,342
6,4,3,100,78,70,1016,1013,1007,4,2,354
17,12,7,100,92,68,1006,1004,1002,6,1,202
14,12,10,100,90,77,1005,1003,1002,5,2,174
15,12,10,100,88,77,1015,1009,1002,4,2,177
14,12,10,100,95,88,1025,1020,1015,5,2,355
13,9,6,100,94,72,1028,1024,1021,4,1,60
13,8,4,100,95,77,1021,1016,1013,3,1,330
16,11,7,100,89,59,1015,1013,1012,2,1,145
7,1,-4,93,76,46,1003,1001,1000,5,2,345
13,8,4,100,90,67,1010,1002,998,5,2,305
9,7,4,100,86,71,1013,1011,1007,4,2,197
12,8,5,100,95,88,1007,999,997,6,2,309
11,10,9,100,92,76,997,993,991,6,2,162
9,7,4,100,81,57,1008,999,992,5,2,302
8,4,1,100,91,76,1017,1014,1013,6,2,350
11,8,5,100,96,82,1019,1017,1015,5,1,352
13,8,3,100,87,58,1021,1019,1019,5,1,324
13,9,6,100,84,54,1020,1019,1018,4,1,27
8,7,5,100,93,81,1020,1019,1017,5,2,176
10,8,7,100,90,87,1017,1015,1013,6,2,182
15,12,10,100,88,72,1014,1013,1012,6,2,181
13,11,10,94,82,72,1018,1015,1013,5,2,178
13,10,8,100,88,72,1019,1016,1014,5,2,179
11,9,7,100,92,82,1019,1017,1015,5,2,195
8,7,6,100,92,76,1023,1021,1019,5,1,190
16,10,4,100,85,59,1030,1028,1027,1,1,13
13,7,2,100,94,72,1029,1026,1024,2,1,29
15,8,1,100,87,59,1027,1024,1023,1,1,345
6,3,2,100,98,93,1031,1029,1028,6,1,22
12,7,3,100,93,67,1029,1026,1024,4,1,341
6,2,-1,100,92,80,1004,1001,998,6,2,5
9,7,4,100,89,66,1006,1004,1002,4,2,174
9,6,2,100,84,66,1011,1008,1006,5,1,236
6,3,0,100,90,70,1014,1011,1010,5,1,11
12,6,0,100,80,41,1019,1013,1008,4,2,211
10,8,5,100,90,71,1009,1003,1000,5,2,210
9,6,2,100,85,70,1003,999,993,5,2,209
10,7,4,93,72,53,1010,1000,993,4,2,271
10,8,6,100,94,87,1018,1016,1015,5,2,174
15,10,6,100,83,38,1020,1017,1016,4,1,244
10,5,0,81,55,37,1025,1022,1020,3,2,353
6,3,1,100,92,75,1018,1016,1015,6,2,25
14,9,4,87,62,43,1021,1019,1018,4,2,86
12,7,2,100,84,50,1021,1014,1008,5,2,20
14,10,6,100,83,59,1008,1003,1001,5,2,301
13,9,6,100,81,51,1005,1003,1002,5,2,186
15,10,6,100,83,67,1005,1001,999,5,2,129
12,10,8,82,61,43,1012,1008,1006,3,2,274
13,9,5,87,68,54,1026,1024,1022,5,2,70
12,10,8,100,83,62,1026,1025,1024,6,2,64
15,12,9,94,80,67,1026,1022,1019,5,2,27
18,13,8,100,77,48,1020,1016,1013,3,2,239
14,10,7,100,82,63,1017,1015,1014,3,2,247
14,10,6,88,68,51,1020,1019,1017,3,2,256
19,14,11,100,82,52,1019,1014,1012,5,2,167
21,16,12,88,57,35,1013,1011,1008,3,2,167
20,17,13,100,78,52,1011,1010,1007,5,2,147
20,16,11,100,82,56,1011,1009,1005,5,2,129
14,11,9,100,87,59,1008,1006,1005,6,2,155
17,13,9,100,83,52,1011,1008,1007,5,2,59
19,14,9,94,70,46,1016,1013,1011,2,2,25
21,16,10,87,66,43,1017,1016,1015,2,2,15
16,13,11,100,79,63,1003,1002,1001,5,2,162
23,17,11,100,75,33,1006,1002,1000,4,2,2
23,17,10,100,67,35,1016,1011,1006,1,2,283
18,14,12,100,76,49,1016,1013,1011,3,2,174
23,19,15,77,59,36,1021,1019,1018,1,2,37
27,20,14,94,60,30,1020,1018,1016,2,2,154
28,20,13,94,70,32,1023,1019,1016,4,2,13
19,16,12,94,72,46,1018,1016,1015,5,2,105
30,23,17,68,43,19,1021,1019,1016,2,2,275
25,20,16,100,78,47,1019,1018,1017,4,2,49
28,20,13,100,72,30,1019,1017,1015,3,1,50
29,22,16,94,58,25,1018,1016,1013,1,2,228
23,19,15,100,83,46,1017,1015,1014,4,2,107
27,19,12,88,58,28,1012,1009,1006,3,2,341
20,17,14,100,88,73,1009,1008,1006,3,2,99
20,16,12,100,89,60,1012,1008,1007,4,2,72
35,27,19,52,31,14,1019,1017,1014,1,2,308
34,27,20,57,33,16,1012,1010,1007,1,2,119
28,23,19,68,48,28,1018,1014,1009,2,2,215
36,28,21,83,36,22,1018,1015,1012,2,2,260
32,26,19,88,57,27,1017,1014,1011,1,2,271
36,27,18,77,40,17,1015,1013,1011,1,2,70
37,29,21,64,35,13,1020,1018,1015,3,2,347
29,24,20,83,52,27,1018,1017,1015,2,2,232
23,19,15,94,68,43,1015,1014,1013,3,2,134
21,14,9,94,68,40,1016,1013,1007,3,2,212
17,14,12,100,78,59,1007,1002,999,4,2,196
16,12,9,100,90,72,1013,1007,1003,4,2,158
18,14,11,94,79,56,1016,1010,1004,3,2,153
16,12,9,100,85,59,1004,1002,1000,4,2,196
13,11,9,100,92,72,1001,998,996,5,2,161
12,10,9,93,77,62,1013,1006,999,3,2,302
14,11,9,93,62,41,1017,1015,1013,3,2,356
14,11,9,94,82,67,1017,1016,1015,6,2,167
16,10,5,100,76,33,1019,1017,1015,2,1,200
14,9,5,94,83,63,1021,1020,1019,4,2,351
17,13,11,100,89,72,1019,1018,1017,5,1,331
16,12,8,100,82,63,1020,1016,1013,4,2,124
12,9,6,100,90,72,1016,1014,1014,4,1,185
14,10,7,100,86,72,1023,1019,1015,5,2,133
15,12,10,94,83,67,1015,1012,1009,3,2,132
13,11,10,100,94,77,1013,1011,1010,5,2,14
16,13,10,100,83,59,1013,1012,1011,3,2,312
12,11,10,100,90,77,1018,1014,1011,5,2,340
17,13,9,94,73,52,1027,1023,1019,5,2,22
10,8,5,93,73,47,1023,1019,1017,3,2,329
13,7,0,100,84,58,1024,1023,1021,3,1,306
11,6,1,100,93,66,1032,1030,1029,4,1,153
15,7,-1,100,88,42,1031,1029,1026,1,1,13
10,5,0,100,91,71,1027,1023,1021,3,1,45
5,4,3,100,99,93,1022,1020,1019,6,1,166
13,9,6,88,80,54,1028,1021,1016,3,2,237
4,0,-3,100,94,87,1021,1018,1014,5,1,5
6,3,2,100,90,70,1020,1013,1011,5,2,8
12,3,-4,93,74,47,1019,1014,1011,2,2,18
5,2,-2,93,53,33,1019,1013,1011,1,2,7
20,11,2,81,51,24,1023,1021,1020,2,2,321
7,4,2,100,87,76,1024,1020,1019,5,2,63
15,8,2,100,73,42,1025,1023,1022,2,1,159
20,14,9,82,62,35,1008,1007,1004,2,2,215
17,13,11,94,80,52,1007,1005,1004,5,2,104
11,10,9,100,94,82,1007,1006,1005,6,2,359
14,11,8,100,86,55,1007,1006,1004,6,2,193
10,7,3,100,76,50,1011,1008,1005,4,2,206
17,14,11,82,56,35,1010,1006,1004,2,2,231
15,12,8,82,65,43,1008,1005,1002,3,2,116
15,11,7,87,67,36,1009,1005,1003,3,2,279
14,11,7,76,54,38,1013,1009,1005,3,2,269
16,12,8,87,62,29,1007,1004,1003,4,2,256
17,13,9,94,75,43,1012,1008,1005,5,2,228
20,14,8,100,78,39,1012,1010,1007,5,2,214
11,10,8,94,81,54,1010,1007,1005,5,2,237
13,9,6,100,81,44,1012,1010,1008,5,2,192
14,10,5,93,76,41,1014,1012,1011,3,2,231
18,12,6,94,73,43,1016,1013,1010,3,2,209
16,12,9,100,84,38,1012,1010,1009,4,2,201
16,12,8,100,79,48,1011,1010,1009,4,2,190
19,13,8,100,74,33,1018,1014,1011,4,1,225
33,23,13,82,44,17,1026,1025,1020,6,2,331
33,24,15,77,48,16,1027,1025,1020,1,2,350
22,18,14,94,57,25,1009,1007,1005,3,2,234
17,13,9,76,59,31,1012,1009,1007,4,2,274
32,23,15,52,32,10,1018,1015,1008,2,2,230
26,22,18,94,63,32,1016,1014,1011,2,2,122
35,28,20,53,32,8,1016,1014,1007,1,2,170
35,27,19,88,50,14,1019,1014,1006,2,2,73
32,24,17,83,55,26,1016,1014,1009,2,2,7
32,25,18,64,35,13,1022,1020,1015,2,2,333
28,22,16,94,54,15,1015,1013,1009,3,2,218
19,16,11,94,62,30,1012,1007,1004,4,2,250
16,14,13,100,96,86,1015,1013,1010,6,2,1
19,16,12,100,77,52,1018,1013,1010,4,2,39
23,20,17,77,61,37,1014,1013,1011,3,2,239
19,17,13,100,77,52,1017,1015,1013,4,2,37
19,13,8,94,63,35,1015,1010,1006,2,2,233
13,12,11,100,82,63,1013,1009,1004,4,2,175
17,14,11,100,82,56,1013,1012,1010,4,2,7
12,11,11,100,84,55,1017,1012,1009,4,2,105
19,13,8,100,82,49,1021,1019,1017,2,1,8
18,14,9,100,86,68,1018,1015,1011,3,2,351
17,14,12,100,88,67,1012,1009,1005,5,2,147
17,14,11,100,82,59,1005,1003,1000,4,2,197
17,13,8,100,73,34,1014,1006,1002,4,2,4
9,7,4,100,88,69,1012,1003,998,5,2,3
13,11,9,100,95,82,1014,1011,1009,6,2,110
13,12,11,100,93,62,1011,1007,1005,6,2,315
11,7,3,100,74,38,1029,1025,1023,5,2,7
12,10,8,100,98,86,1023,1020,1017,5,2,16
16,13,11,100,93,73,1018,1015,1013,5,2,193
14,11,8,100,85,61,1013,1011,1009,5,2,224
12,11,9,100,92,75,1013,1009,1007,5,2,123
16,11,7,100,82,54,1015,1011,1008,4,1,13
11,8,4,100,95,82,1021,1019,1017,5,1,352
8,5,2,100,92,75,1022,1017,1015,5,2,347
11,6,1,100,71,32,1026,1022,1019,6,1,4
7,3,-1,100,88,60,1018,1014,1012,4,2,249
13,10,7,100,87,64,1015,1011,1008,6,1,186
13,12,11,100,84,63,1021,1016,1011,4,2,236
13,9,5,94,65,33,1024,1022,1020,2,2,250
8,4,2,100,96,80,1027,1024,1023,6,1,344
11,9,7,100,96,81,1025,1022,1019,6,1,340
11,9,8,100,95,78,1027,1026,1025,5,1,17
11,7,3,100,85,62,1018,1014,1012,4,2,339
6,2,-2,100,97,80,1036,1032,1030,3,1,17
13,6,-2,100,89,62,1038,1032,1029,1,1,355
5,1,-3,100,99,89,1033,1027,1025,4,1,38
3,2,0,100,98,86,1036,1032,1029,6,1,155
4,2,1,100,98,81,1034,1027,1021,6,1,147
9,6,3,100,93,76,1024,1021,1018,4,2,154
11,6,0,100,81,42,1029,1026,1024,4,1,12
4,1,-2,100,99,86,1033,1029,1028,6,1,2
11,8,4,100,96,76,1028,1025,1024,4,1,342
9,6,3,100,91,70,1027,1024,1022,6,1,287
12,8,4,100,84,57,1022,1018,1014,4,1,217
8,6,3,100,68,43,1019,1014,1013,3,2,279
10,8,6,93,76,45,1020,1014,1010,4,2,239
10,8,6,100,84,61,999,986,980,5,2,210
9,6,3,100,69,42,1006,1001,992,3,2,249
8,6,4,100,62,36,1014,1008,1002,2,2,269
5,2,-1,100,83,44,1015,1008,1004,5,2,222
7,3,-1,93,66,42,1017,1013,1006,2,2,277
12,8,4,93,64,29,1016,1012,1008,2,2,280
18,10,2,100,63,14,1021,1018,1015,2,1,36
10,6,1,93,81,64,1024,1019,1015,5,2,272
13,7,0,100,88,59,1032,1024,1014,4,1,216
9,7,4,94,62,35,1024,1017,1012,3,2,320
11,8,4,81,52,33,1021,1018,1017,2,2,300
10,4,-2,93,76,40,1027,1016,1008,5,2,247
11,6,0,100,86,59,1018,1014,1012,5,2,280
13,9,6,100,82,47,1014,1012,1010,5,2,172
11,8,4,94,86,70,1013,1011,1009,5,2,134
13,10,7,100,80,55,1014,1013,1012,4,2,250
10,8,7,94,81,69,1014,1011,1007,5,2,225
12,9,6,100,82,53,1007,1003,999,5,2,232
8,3,-2,100,62,25,1022,1018,1016,2,2,325
6,3,1,81,66,46,1020,1017,1014,5,2,87
5,3,2,87,71,50,1016,1012,1009,5,2,24
13,9,4,100,73,39,1011,1003,999,6,2,98
14,11,7,100,94,68,999,996,995,5,2,142
15,11,7,100,87,61,1004,998,996,5,1,219
16,13,9,100,90,62,1004,1002,999,5,2,195
11,10,8,100,90,76,1009,1008,1005,5,2,209
14,11,7,100,79,48,1010,1007,1005,4,2,213
12,9,7,100,77,54,1008,1006,1005,3,2,227
11,8,6,87,66,48,1015,1011,1008,5,2,196
11,8,6,100,92,71,1008,1001,998,5,2,257
12,6,0,100,87,51,1009,1004,1000,4,2,321
12,7,2,100,83,56,1012,1008,1007,4,2,252
14,9,4,100,82,44,1009,1004,1001,4,2,174
14,10,7,100,79,46,1009,1004,1002,4,2,255
12,8,5,94,78,56,1013,1009,1007,5,2,234
14,11,9,100,89,71,1008,1006,1003,5,2,237
16,12,9,100,81,49,1005,1003,1002,4,2,222
16,13,10,94,74,53,1013,1008,1005,3,2,241
15,12,9,100,88,64,1013,1011,1006,5,2,225
16,11,7,100,82,52,1013,1007,999,4,2,199
13,11,8,100,71,35,1008,1003,999,3,2,265
14,10,5,87,66,44,1011,1009,1008,2,2,248
14,9,3,100,84,43,1011,1005,1001,4,2,217
14,10,6,100,80,41,1003,1001,1000,4,2,215
10,7,4,100,70,29,1013,1006,1002,4,2,29
15,11,8,87,60,31,1014,1012,1011,3,2,259
19,15,11,82,66,42,1019,1015,1011,2,2,18
14,10,6,100,65,26,1012,1009,1006,5,2,17
8,5,2,75,63,46,1011,1009,1008,4,2,32
12,7,3,100,81,55,1011,1009,1007,5,2,38
14,10,6,93,72,51,1013,1011,1010,4,2,32
15,11,6,100,80,40,1018,1016,1013,3,2,40
24,16,7,81,50,20,1023,1021,1017,1,2,279
24,19,14,82,67,35,1016,1011,1005,2,2,171
13,10,8,100,79,52,1007,1003,1001,4,2,108
11,9,7,93,75,54,1002,1000,999,5,2,234
14,10,6,93,71,31,1014,1007,1003,4,2,249
15,11,6,93,62,31,1018,1016,1014,2,2,244
17,9,2,100,74,26,1020,1018,1017,2,2,1
25,17,8,77,54,28,1018,1015,1010,3,2,91
22,15,8,100,65,19,1013,1010,1008,2,2,192
19,13,8,93,45,16,1015,1013,1011,2,2,302
21,13,5,100,64,26,1020,1017,1014,3,2,3
26,21,15,88,49,18,1016,1015,1011,1,2,210
21,18,14,77,54,30,1017,1016,1014,3,2,211
21,16,10,77,55,23,1016,1015,1012,3,2,226
23,17,11,94,63,41,1017,1014,1013,3,2,250
37,28,20,46,30,11,1020,1017,1009,2,2,109
25,22,19,53,39,20,1014,1012,1008,3,2,206
31,25,19,64,34,13,1015,1012,1007,2,2,271
37,29,21,57,29,9,1017,1015,1008,2,2,34
29,23,18,88,46,22,1019,1015,1011,3,2,31
28,22,16,68,51,21,1021,1019,1016,2,2,55
27,21,15,78,50,19,1017,1015,1011,2,2,298
28,21,14,94,60,14,1023,1020,1016,1,2,272
26,19,13,82,54,20,1023,1020,1015,3,2,19
27,23,18,60,45,29,1015,1013,1007,2,2,175
23,20,17,94,68,46,1010,1009,1007,5,2,199
22,19,17,100,81,62,1013,1011,1009,5,2,202
24,22,19,100,74,42,1014,1013,1010,4,2,217
25,21,18,100,73,43,1016,1013,1008,4,2,217
24,21,17,100,74,36,1021,1017,1013,3,2,230
23,17,10,100,71,44,1023,1021,1019,2,2,201
25,18,10,100,74,43,1024,1023,1019,3,1,137
23,18,13,100,66,42,1019,1017,1015,3,2,188
21,18,14,100,76,43,1021,1019,1017,3,2,232
16,13,11,100,84,60,1014,1012,1010,5,2,170
21,16,12,100,88,68,1018,1016,1011,5,2,161
18,16,14,100,97,83,1016,1014,1013,4,2,156
20,17,14,100,83,52,1023,1019,1016,3,2,191
17,12,8,100,88,59,1022,1020,1019,5,1,180
17,14,11,100,84,59,1022,1021,1019,6,1,246
8,4,2,100,76,40,1021,1019,1017,5,2,22
7,4,2,100,94,85,1020,1015,1012,6,1,138
12,7,3,100,82,51,1014,1009,1006,4,2,171
10,6,1,100,63,32,1032,1027,1025,4,2,7
11,3,-5,100,75,38,1035,1031,1028,3,1,353
9,4,-1,100,88,56,1032,1028,1026,6,2,347
14,7,1,100,86,46,1036,1032,1029,3,1,15
9,6,3,100,91,71,1030,1026,1024,6,2,188
11,8,6,100,86,53,1025,1017,1012,6,2,211
11,8,6,100,82,66,1023,1012,1003,7,2,181
9,7,5,100,81,54,1007,1001,997,5,2,237
12,10,8,100,88,74,1019,1015,1011,6,2,214
10,8,6,100,66,32,1024,1015,1008,4,2,258
8,5,2,100,87,65,1028,1023,1020,6,2,209
9,8,7,100,94,77,1023,1018,1015,7,2,189
13,11,9,100,94,80,1016,1015,1013,7,2,201
13,12,11,100,89,74,1020,1018,1016,6,2,209
11,8,5,100,78,49,1022,1014,1008,5,2,234
9,6,3,100,84,51,1025,1023,1021,6,2,190
12,9,7,100,83,60,1024,1021,1019,6,1,182
14,9,4,100,82,34,1025,1023,1021,8,1,344
8,5,2,100,96,82,1027,1024,1021,7,1,340
11,9,6,100,74,29,1025,1021,1019,4,1,268
13,9,6,93,78,56,1020,1016,1013,5,2,238
10,8,6,100,82,54,1013,1010,1008,4,2,210
9,6,3,100,79,60,1010,1004,999,5,2,171
10,8,5,100,86,57,1000,996,994,6,2,208
9,6,3,100,82,49,1011,1000,994,5,2,271
10,4,-2,100,82,49,1022,1017,1014,5,2,187
13,9,5,100,87,57,1020,1014,1011,5,1,108
17,10,3,100,75,34,1029,1024,1018,3,1,246
9,7,4,87,67,44,1014,1008,1000,5,2,237
9,7,4,87,68,33,1006,999,995,4,2,254
13,9,5,94,61,26,1019,1012,1008,4,2,265
8,3,-2,100,76,42,1019,1012,1008,4,2,208
8,4,1,100,86,66,1017,1013,1007,6,2,181
13,10,7,100,77,47,1016,1009,1004,4,2,216
17,12,8,100,78,45,1017,1011,1005,6,2,180
10,8,5,100,76,54,1021,1016,1009,5,2,223
12,9,7,100,79,44,1017,1010,1007,5,2,222
8,4,3,100,87,45,1016,1007,992,6,2,200
9,7,3,93,58,27,1021,1006,992,3,2,267
6,3,1,100,83,43,1023,1017,1013,6,2,205
8,6,3,100,94,72,1024,1020,1017,7,1,326
17,11,4,100,85,50,1021,1017,1015,5,1,220
16,13,10,100,82,57,1018,1013,1008,5,2,196
9,8,6,100,85,60,1015,1011,1008,6,2,204
13,7,0,100,81,55,1025,1021,1018,5,2,221
12,9,6,100,55,21,1024,1020,1017,4,2,286
16,8,1,100,72,25,1026,1019,1013,3,1,341
11,7,3,93,71,51,1021,1015,1012,5,2,219
12,9,5,81,48,18,1030,1024,1021,4,2,295
15,9,2,100,67,30,1029,1021,1015,3,1,255
13,10,7,94,74,44,1016,1009,1003,5,2,241
17,13,9,83,67,41,1009,1006,1003,5,2,244
22,16,11,71,46,19,1024,1021,1017,5,2,77
16,13,9,88,54,21,1018,1015,1012,5,2,264
14,10,5,87,54,26,1023,1019,1014,4,2,280
14,9,4,81,52,24,1018,1015,1011,3,2,322
13,10,7,100,70,41,1009,1005,1002,6,2,354
14,11,7,100,75,39,1015,1012,1008,6,2,179
16,11,7,100,79,48,1016,1014,1010,5,2,136
14,11,8,100,70,39,1006,1002,999,6,2,159
23,16,8,100,73,33,1023,1021,1016,3,1,196
14,12,11,100,83,57,1008,1003,1001,5,2,206
19,13,8,93,63,33,1018,1013,1008,2,1,230
18,13,9,94,71,27,1020,1017,1013,4,2,215
23,19,14,59,38,15,1007,1005,1001,3,2,197
19,14,9,87,59,22,1012,1007,1003,5,2,192
20,16,11,82,50,13,1016,1014,1012,4,2,256
23,18,13,88,52,25,1018,1015,1012,4,2,275
22,16,9,71,42,18,1021,1019,1015,3,2,31
32,24,17,89,51,14,1025,1020,1016,3,2,26
33,24,16,94,53,11,1024,1022,1015,1,2,349
35,26,16,82,41,12,1022,1019,1012,1,2,6
33,26,18,88,36,14,1018,1015,1009,2,2,131
31,24,18,83,46,17,1017,1014,1008,1,2,156
22,19,16,88,58,28,1018,1015,1013,3,2,326
29,22,16,88,45,19,1017,1015,1011,2,2,269
28,21,14,68,35,10,1019,1014,1010,2,2,141
23,16,9,100,73,40,1019,1017,1014,3,2,20
27,21,15,100,55,21,1017,1014,1010,3,2,200
27,22,17,94,60,23,1011,1009,1005,2,2,192
26,21,16,94,67,22,1013,1010,1007,3,2,179
24,19,14,100,74,37,1017,1013,1011,3,2,167
28,22,15,78,47,18,1020,1017,1013,2,2,252
26,20,14,100,71,26,1019,1016,1011,4,2,259
22,18,14,88,67,35,1020,1016,1014,4,2,199
24,19,13,82,58,34,1024,1022,1017,3,2,106
22,19,16,88,66,50,1023,1021,1019,6,2,115
25,19,13,82,63,35,1015,1013,1009,5,2,193
20,18,16,100,83,59,1015,1013,1011,5,2,213
21,18,15,100,83,49,1016,1014,1011,6,2,180
21,18,14,100,84,55,1016,1012,1005,5,2,155
20,17,13,100,73,36,1010,1008,1006,4,2,172
17,15,13,94,76,47,1012,1011,1009,5,2,203
16,13,10,100,80,50,1014,1010,1007,6,2,223
20,14,8,94,75,41,1023,1020,1015,5,2,296
16,12,9,100,85,56,1018,1013,1004,5,1,204
13,11,9,100,67,39,1006,1001,999,5,1,282
18,14,11,94,73,38,1017,1015,1013,5,2,240
14,12,9,94,70,44,1017,1014,1010,6,2,223
13,9,4,93,73,36,1016,1011,1008,5,2,200
12,6,0,100,73,36,1018,1014,1011,3,2,231
11,9,7,100,91,69,1011,1005,1002,6,2,148
16,12,8,100,85,68,1016,1013,1008,4,2,170
15,12,8,100,83,53,1009,1007,1005,5,2,190
13,10,7,93,79,54,1014,1011,1009,3,2,223
17,14,12,100,78,51,1015,1013,1011,6,2,351
17,12,7,100,89,64,1020,1017,1015,4,2,148
13,10,7,100,81,48,1016,1013,1010,5,2,234
13,9,6,94,86,67,1011,1002,993,5,2,137
11,10,8,100,88,69,994,988,986,6,2,129
11,9,7,100,92,82,999,995,994,6,2,344
16,12,8,100,89,53,1003,1000,998,5,1,25
10,6,2,87,62,30,1028,1025,1023,3,2,336
13,8,4,100,88,62,1019,1013,1010,6,2,126
8,7,7,100,97,88,1016,1014,1012,7,2,47
12,8,4,100,80,51,1022,1017,1014,4,2,6
13,7,2,100,81,51,1024,1020,1018,3,2,173
13,7,0,100,89,57,1035,1031,1029,1,1,36
15,7,-2,100,81,44,1037,1033,1031,1,1,351
11,7,3,71,59,38,1027,1019,1015,3,2,314
12,9,5,100,85,50,1027,1019,1011,6,2,191
9,7,3,100,63,33,1022,1014,1008,3,2,255
4,1,-1,100,89,69,1023,1015,1007,7,2,79
7,3,0,100,68,31,1016,1011,1007,4,2,2
7,2,-3,100,84,45,1015,1011,1008,3,1,236
18,14,10,94,76,40,1008,1001,995,6,2,238
9,7,4,94,59,29,1010,999,992,4,2,284
6,4,3,100,74,43,1016,1010,1003,5,2,229
10,7,4,93,72,44,1007,1002,997,4,2,263
5,2,0,93,56,33,1013,1005,997,4,2,340
9,6,2,93,81,56,1024,1021,1019,5,2,346
13,10,8,93,70,42,1021,1017,1014,4,2,239
16,12,8,100,72,38,1017,1013,1010,4,2,248
12,8,4,93,56,26,1033,1026,1019,4,2,22
13,9,5,100,63,21,1015,1010,1008,5,2,304
18,13,8,100,81,51,1027,1025,1023,5,1,173
18,12,7,100,85,50,1027,1025,1022,6,2,88
15,9,3,100,65,16,1037,1029,1026,1,1,1
8,6,3,100,75,36,1022,1018,1016,7,2,36
12,9,6,100,81,60,1019,1015,1012,7,2,11
13,11,9,87,69,50,1015,1011,1008,7,2,12
13,10,7,100,81,66,1010,1008,1007,7,2,15
13,11,8,87,72,45,1010,1008,1007,6,2,37
8,7,6,100,94,72,1010,1006,1002,6,2,351
13,10,7,100,75,49,1009,1004,1002,5,2,23
18,11,4,81,47,15,1030,1026,1021,2,2,117
9,7,6,100,69,34,1028,1025,1023,6,2,44
22,14,6,100,67,21,1026,1023,1020,3,2,21
22,16,9,88,59,26,1027,1025,1021,3,2,47
23,17,11,82,47,17,1027,1025,1022,3,2,87
19,14,11,100,49,24,1021,1016,1012,4,2,100
18,14,11,100,76,44,1018,1016,1014,6,2,206
20,16,11,82,57,32,1017,1015,1012,4,2,215
16,13,10,100,86,50,1014,1009,1005,6,2,206
27,21,14,88,52,10,1013,1008,1003,5,2,201
33,26,18,77,33,11,1017,1015,1008,2,2,29
27,22,17,88,64,26,1017,1013,1008,3,2,147
23,18,13,100,68,35,1015,1012,1007,3,2,186
24,19,14,82,55,26,1014,1012,1008,3,2,211
21,17,12,100,68,32,1021,1016,1014,4,2,99
26,19,11,94,57,19,1023,1021,1017,3,2,2
32,24,18,68,41,12,1016,1013,1009,2,2,358
34,28,22,69,33,11,1020,1017,1010,2,2,225
35,29,23,61,37,15,1018,1015,1010,1,2,2
34,29,23,57,32,12,1021,1016,1011,3,2,152
32,25,18,100,51,18,1020,1014,1006,2,2,284
36,28,20,94,44,16,1019,1016,1008,3,2,135
29,23,17,94,66,34,1019,1016,1012,2,2,266
28,22,16,52,32,13,1016,1014,1009,2,2,228
21,18,14,72,48,20,1014,1011,1008,7,2,192
23,19,16,100,71,44,1009,1005,1001,6,2,204
29,21,14,59,33,13,1021,1018,1014,2,2,357
22,18,14,82,60,34,1020,1018,1016,6,2,190
24,21,17,100,66,34,1020,1016,1012,5,2,194
22,19,16,94,70,40,1018,1015,1011,4,2,223
21,18,14,100,75,43,1010,1008,1005,5,2,190
16,13,10,94,80,55,1016,1014,1012,6,2,31
22,16,9,100,73,42,1015,1013,1009,5,2,345
19,16,13,100,93,73,1015,1012,1009,5,1,103
21,17,14,100,83,49,1013,1010,1008,5,2,132
18,16,13,100,79,52,1018,1014,1011,5,2,141
17,13,11,94,74,36,1015,1012,1010,5,2,192
17,13,9,94,73,43,1020,1017,1014,4,2,217
22,15,8,100,76,38,1021,1019,1015,1,1,36
15,13,11,95,80,54,1017,1013,1010,6,2,132
15,12,9,94,84,70,1023,1018,1015,6,2,174
16,13,11,100,91,77,1023,1023,1021,5,1,62
18,14,12,100,87,59,1027,1024,1023,6,1,201
22,16,9,100,84,47,1029,1027,1024,1,1,345
15,11,7,100,76,43,1025,1023,1021,5,2,190
14,7,-1,100,77,30,1035,1030,1027,8,1,38
15,8,2,100,78,34,1031,1027,1023,7,2,243
11,8,5,100,89,66,1034,1030,1026,5,1,190
12,10,7,100,90,70,1027,1025,1024,6,2,313
